"1","de9269563b6af4ccf9e3d3750864158a27eee6d3","1","1"
"2","5345833c6b382646ced3060a8dbc85763e7bc817","1","1"
"3","e6a20043db694056ac00456f6076091012ecba87","1","1"
"4","236e75bd968935cf8728c3f7aaaccaefd2f9c737","1","1"
"5","32d7f24bf40c2cc65eb5af875910caf880db7f29","1","1"
"6","2e51b7c5383091e0103d8ac64a2274eb38bd0cd7","1","1"
"7","2b6fa701e84625c511b03079296774cc0904ef1a","1","1"
"8","682fb5f41adb91be6d58341a80ff78a6ca3b29c8","1","1"
"9","df00d5eced3a7737b88de0f6f9e3673f0cf88f88","1","1"
"10","772eadf59f81c3dd89d4838976520792d860961b","1","1"
"11","86b9346e4c8fa263810dbd55a2775081194b1d6f","1","1"
"12","dcc298cf98108fde395495e78ac4f28a9cdc496e","1","1"
"13","4e9f1a65ca8d794db54260b4f2e5b078d949fdda","1","1"
"14","cf870c0bebf6ca9631594845cd558e1f4fb78b29","1","1"
"15","9d3821f6411ad85a683b8d38e4d42411229f2eec","1","1"
"16","d56c7296efd21e517c2c5bead01021f8796b31a7","1","1"
"17","55d591ea589e080a89f6a25b6d5d752cb4e18e96","1","1"
"18","2ade5fd3aad123d6507b59ed5d48c8f030314f00","1","1"
"19","5c2070d7cf981e2e103aef6fd0ef64c473331325","1","1"
"20","ccf0c0af551df541e40edb07d19a57072a8b14b1","1","1"
"21","e9d4de8e15255b03b60e935390e517d4de90a73b","1","1"
"22","cc8497f28e1d5a46d7940a0b36556154c83d6f7a","1","1"
"23","278d76f285c4729700276e875ff8d69ea2ecfbc2","1","1"
"24","50e3d1bc87b4b16f0617b6212252363f499397ab","1","1"
"25","318adee43493447e22bbea89e0f17260e0186a14","1","1"
"26","196c4ed79cbaca37709643b54913b361b677ae04","1","1"
"27","72af03c49fdad5f10e36c7eb4e7045feb971d253","1","1"
"28","a254e9c8379cb021d1b85c49b2c0cdbd9b5d4e1d","1","1"
"29","36101e7ea3e3952fcecae2cb9563040a5b24cabf","1","1"
"30","32b5270071e08297f167a1785fd71b92ab6d7c1b","1","1"
"31","80b7fbad6e37f2b229a919f595a5263dd21da8fb","1","1"
"32","0d508269ec972c3ac22e265bc0d9d8305f2afb8b","1","1"
"33","30f2b16525dabb477373be9ed3e76bb98b200806","1","1"
"34","0c458a8796cc5ffcda5286ee4a367c8e31ae7c88","1","1"
"35","872aba6255a0ddcc02bd88418ea8b6b2a70fdb54","1","1"
"36","45aed05bb9e75bc8228af8ffbb44d39626d02dd5","1","1"
"37","229490bbf8731ec07fd7ce6d68f0e22b502b9caf","1","1"
"38","ebb9d7f536a5b1be8364c6cb7367cac8c3849caa","1","1"
"39","a982920ee8036d001aa4a223a2521be28681ec27","1","1"
"40","c63e0913154a8f01e9f78fef9de23fffd7a1a717","1","1"
"41","6fb53a7e272a6ecc232840c96b4cfe5235a8f823","1","1"
"42","bbacbd93334540a5054bb50488f662c3f81a9c00","1","1"
"43","be8d4ee17541876e139d1b1319ac5101bf055c8c","1","1"
"44","08c3b3aa633385373b08285225e58c6ee0ab8092","1","1"
"45","d9cccce5034bb9876221d271914471b205220061","1","1"
"46","4845736a4bc4c076cd676137407c55d63da8da4d","1","1"
"47","6b943e564adcc9a7106e54c24eb5d022bed1462f","1","1"
"48","3b8708636ffc1a9fc970b66db73c09095dabc2e2","1","1"
"49","4f1dbfc8619f5827a919106d14d42777b838638a","1","1"
"50","e381886b42fb190e3ebb82503330e8ca2788a929","1","1"
"51","231241782c199d39943f742d0abe57057b0b785c","1","1"
"52","c16abda4e0ae1704eff3ec8f893519770b97beba","1","1"
"53","a0eea1357f0a0f4faea1245197f20ceee5ca3a5a","1","1"
"54","07045d97024b77023df481f808ea687e006fb338","1","1"
"55","53929101b4d9606d92dfd8d52e87f5dda467d51a","1","1"
"56","72e10d3ca80ae76af8920091736882a6dc0a5036","1","1"
"57","0333e7efdc9ecf81df4212f82c3a59c6ff0fab19","1","1"
"58","7a65992af084650c52dc69380ae1ac24b107715c","1","1"
"59","1df71004338faf30b9287b03b726e1ce4f1246be","1","1"
"60","7924760d2d64f5f7651e9e57d1ca01e1bcce74e0","1","1"
"61","cf2a11a5939e8623cb4591080f423134025bbf62","1","1"
"62","44e64ced4b33fd4b4c52fa6a587b9552fae41068","1","1"
"63","96bb03c2aecc818b7a77f9bb7d8684a16d8a80a7","1","1"
"64","35916619de9d9c3e7ec3d793ab3072c9e78db258","1","1"
"65","c610a49727858597d9a10289bed0a0174053a69f","1","1"
"66","8b9dfefada78a74b6b1fa34ff0bab298267f8210","1","1"
"67","128553fc50758932f02fc6e13a3e25ef6a711152","1","1"
"68","49d62f902ba7dba44b0b2b3b71e45004c667b2d5","1","1"
"69","38c12ee56d863068fb743b45d9c1ee2aa74b71a8","1","1"
"70","9de54af85dc755addcfeee4dbbbb79311393f739","1","1"
"71","74b8fc6a4c11d1fd6d584733398a77b83c54e6b6","1","1"
"72","b00a3cdcaaf0bb554ed0955f98d9f1d759710c27","1","1"
"73","70fe94d031c7066899fc464cd4171db0884f1356","1","1"
"74","83219d81d0173d5444c0c127374b1684fc1384df","1","1"
"75","61f06547599bb6b98bca99d5bc457eb20bc17cab","1","1"
"76","7ec443add70809418d2bbe1314cd4744742d854d","1","1"
"77","b3789b3f879d34bbe968d5aa51d15c8856b9d102","1","1"
"78","0128bff582b2d10bffff9ff497c3e6f697958b83","1","1"
"79","7f6173aa593b07856c1ca73ffaf87ff10ea15d4c","1","1"
"80","5f25ca318bc2b35ecf8526c08a1e3b3e17d375da","1","1"
"81","e857122bff2a9774c4f44df4a7d531b902e406df","1","1"
"82","8ff0b44e3fb0c1c56a1dc6290c3b6828a5a8f9bf","1","1"
"83","25fa1d53ff124bc82d9d449c37ff1dea186c3e42","1","1"
"84","ea80d1aa27f92ce103c43c0bf70a829d6e31111d","1","1"
"85","5a3a326096cf65a58272ee89a5ef1c164cfd9d33","1","1"
"86","7aac4b19d359285041ccb51d575235339a1a8be0","1","1"
"87","79ef5a7e1d7fa144cc81c9414f4791aaea8b3d75","1","1"
"88","4abb65c56382cdd4ff453ddceb70b5944e6e0b38","1","1"
"89","5b5a17d3c50bf5e96f4baff2aa061ba039511048","1","1"
"90","12b9b787a161d4b460d4d6a14da6ac53cac3713b","1","1"
"91","b33b4b090c224c14415d0ffb68a078a097aeaf71","1","1"
"92","7a2b0460c7abd7573faa9d7845a5b1169dcdcb7f","1","1"
"93","2f9b53dbecad010dbb7e7cfff3a11476b7d2208a","1","1"
"94","7cd277620b4c888ae4101bb3f4768af83b85313a","1","1"
"95","f1f4fe290a3a35a9083d2e76e922b57350e05f34","1","1"
"96","6589127231db19458b696785bab3b839f9bde90f","1","1"
"97","d3e86b059db787af5c0d58ddf3f69af5b42865b8","1","1"
"98","c3873cf7b17abba564374522af2bdc02abcc509d","1","1"
"99","c503e40d9ec79ba76b69dd31d7dd32648fa13cf2","1","1"
"100","870289f3272917f312de6902b8b6bdc43552d4b7","1","1"
"101","99a84a542f2ac532a8425fa0a77884902b1c01b0","1","1"
"102","97afc5e205e1c6ac0f5a9aefabed92d58d88ab81","1","1"
"103","409a8e06c9f2ec5aa0d9db8a3d413f394c290f6d","1","1"
"104","fc7acc64dbbf5c28ef4bd3b142e35922d6294428","1","1"
"105","54917b88aab026dabb4541276ed875117c1e1faa","1","1"
"106","003f66a2e928691100fbe719d7253b5213e99698","1","1"
"107","077d4657cce12a38d4f34266fc62c190b28235a9","1","1"
"108","11258fcfd07dd63754fbea374bbba59ea82bc685","1","1"
"109","e4c7fac80cac937faf413e3ddd58e0fd091bd367","1","1"
"110","dee8a47af11dd88139f4d46a1ebee7fc613e367e","1","1"
"111","5501ad5d546427b228b208da15cec997e0b13cc8","1","1"
"112","303f74183714223503216efa037373bfb04bfe1a","1","1"
"113","89c38cee73bdcc7505da15d7e5de60cdf45a6c0e","1","1"
"114","3762b9a6f23454691ad4d61000b148a00edaeace","1","1"
"115","c9e0f1a3a519bdab2d71b48635a9cc7df3cff3fa","1","1"
"116","0b57f033a94caca38ab1369b117baa1589d7d6d3","1","1"
"117","9164fdee10603ebdb2b4a7d78ab00046fa3ad37f","1","1"
"118","79b7c3e8f1d725460212c659524b9bbf5d8a1461","1","1"
"119","67c31453db464a17bd907a8b4ccfb9103ef946f0","1","1"
"120","a5aa7cf7d61162947504060c9d3b6d4db6c073cf","1","1"
"121","7dd6711cb9e552cee8091893d4085fdc3f9996b0","1","1"
"122","8a9c52df0ef4c0667a3a54bd4c6387c149577c2e","1","1"
"123","618d9ac96993540d11078fc963af9e9b4d479943","1","1"
"124","b8640d1e9e642aa6b2f1a2e416fdbbb87f7a4476","1","1"
"125","96fd024b563859eee75b68b071cb736026c47ea1","1","1"
"126","b737131b847c53bb4f1cf6dbf86f586008550eba","1","1"
"127","13bda470bfa1fe989ce80d616fb096af1b937146","1","1"
"128","8b87e991c603ac14265fc3dd66b089c2395cb701","1","1"
"129","3d08ecc6a661f09520559637794c9a161db90f3d","1","1"
"130","8b507d7908603bf6e36ea9e60921b76eb5923d0f","1","1"
"131","015c02e04d940a4bffc6a8e687751c4610db19b8","1","1"
"132","ad5971c88fb501f007cf1a75200349fb7cbb4b25","1","1"
"133","2527d9ad37a797530dbd4b1095d3ddc3f5a7ae19","1","1"
"134","e5a301651a359ed4ce2c1dd81a4a73868b4dddcc","1","1"
"135","6aa1fb428b0b6de82ca6288863ce7571b0563017","1","1"
"136","fdc9cd5ea91f5ae1d7e5991abadd1b3f989626f7","1","1"
"137","f5a10efbbdffec756bc055710ebf6b8169e9dbca","1","1"
"138","c7874453182cde8e7b38cf3ce356d16d3d1dcde8","1","1"
"139","3e06324ab77f9b9f7dbfe60b41324bcea06f7824","1","1"
"140","503a3b0d79d395ae5c05fee40cd4de2b927b7808","1","1"
"141","bdcd05a5ce5b555965ba2c9cc20c3875a243fec2","1","2"
"142","698603b99b9f2f20daddfbf787defed88050171f","1","2"
"143","7f8b89ff159e2d8f47c6b842729e50c24b115a8a","1","2"
"144","6262b3066b922c67c94f77f2380607a712355057","1","2"
"145","d044c68184cbc83f07693ed1fc4ad5124164d675","1","2"
"146","f701f2aa8d1078e506c1b41e3f280204dd41c2bb","1","2"
"147","481dba79f084f18a050342b6cc0ec597eea9d1d3","1","2"
"148","bddd896a32d90181f8c6c8233c33d935311f57d5","1","2"
"149","14f949ba928dfacca917c6ef889f44191b817ba6","1","2"
"150","78cf5869c867674615da6bb7038ef4b226a9e65f","1","2"
"151","36f49a909e06f0a261df73e2091fc3f5279669f1","1","2"
"152","ca00dac87d5cdc41a5cfbeb1c4f7dbc572f71114","1","2"
"153","e48da092eed16c2fbe35bf87ecd45c9dbd0f756f","1","2"
"154","2c600867be13bda7b159d16cfc61203195cd0232","1","2"
"155","aab2f0d5ef574d8cfd566b4d2adb8ce7bf49efff","1","2"
"156","e196b3f0746106e97bf011f1ad3e62396ba92f0d","1","2"
"157","4147425bcae55b942e8270a5774d1b2bc61b4bb9","1","2"
"158","063f0e52f3e6ae46b3098b833eed9a391b1af960","1","2"
"159","6f493bea247d4a00ab9ecfe5a54635b18d7f65b6","1","2"
"160","b4a1570dfce58a88f5b8762502c1939337875ec6","1","2"
"161","cdcd29163286c473921ee697383d39b9badebbc3","1","2"
"162","f223e76a3d4569f904f9ab1861298dc774d73675","1","2"
"163","b37bc8c7233fcd7d99009f55eff650859c33ffcb","1","2"
"164","97783e2f83720fd102d74e6b04f7552a2bb217cb","1","2"
"165","d3cc7c042cb9ec1256c7b6613898d256e3ce1cc0","1","2"
"166","8ed4805179fcc5a92bfa709d6200d2b5ce35e30f","1","2"
"167","391418a1dcba68d1d584264db9e375259dfb11ac","1","2"
"168","4df2839166fff323c6a499eae613d501e69b935b","1","2"
"169","1402898dc083213048212d54bee0829d619ab562","1","2"
"170","aca2f265b2446eea43eb6c8d34c26e5cd4938ec6","1","2"
"171","71ec8bc8f4754e55c0f6ca186a0142f5d31ec3fe","1","2"
"172","c6b709d91d26baa22a8b4da43cb3ae09bd78421f","1","2"
"173","7f65eefbbf5e6945919e8c0187e161b3969cc4a6","1","2"
"174","a81d8a431339e1688da73b95be64d74f1e528061","1","2"
"175","0c6fac3cb3f84af00106869a75cd0181c3b55297","1","2"
"176","3f9fa2fcfdfe8a28fa28fb8d1b8294e0ccc22456","1","2"
"177","bf623976e0fbfe9abc685646b63ad5d50368de97","1","2"
"178","1976587aadb9d56871616a242b89219b679abda4","1","2"
"179","96eb0a3c7627c9a0cd2adcc905541a424e50b213","1","2"
"180","526ea16785270074f088860fcf8446779aa54a8b","1","2"
"181","846a55129dab110e2b850672ca78cdb51f2c3408","1","2"
"182","03321ca14e7e54ecd1c7b96d623b28c9ee655c4d","1","2"
"183","32bf06e47ba240ffb25239262e049b627ce4bc5c","1","2"
"184","2dd6ec4ebb1b6e20635909cd80e4bb41981192e8","1","2"
"185","bd639689ee9b45b6f177e917b03396096ebb4684","1","2"
"186","0c8c6561f4c77cd61a27f6338d44dda23abcfc1c","1","5"
"187","13914ec1024deb9895d5c143f6f9cd037d6d1190","1","5"
"188","825c9bbd7c595d90fbf39364bdd7eaada29c7eeb","1","5"
"189","38b8e49719ba90665bdabcf20732903a3d16ed2e","1","5"
"190","cc0be033cd69e08a2f3eb8ed36764d1888b427bb","1","5"
"191","dd4d3fec77a5671bc7345ef75ba0fc16e7df9092","1","5"
"192","8a86e415e464b9d296f9516d4db8302e5c46c546","1","5"
"193","7499723b934cc0969a61fd7ad18fbd78cef47718","1","5"
"194","5e5df2f6483cf4912a4caee3303631013b275720","1","5"
"195","b4bfe5d2888b241242e0c83c0a8696650a1cdeb5","1","5"
"196","99eb7403395bf325ebc8e03fbe886fc634eb7f71","1","5"
"197","05012553e3d35f6cdb772eef5277d160a8e896a3","1","5"
"198","820d60c701341d1bdb2981e43507b907cb163289","1","5"
"199","aaee75d47682f8378a4d869b38d2c0978449f710","1","5"
"200","7e2c2e601039ebd3a307cb77b80ae813a3e25283","1","5"
"201","a8ede479100db2c7d3f1d594f68781a7667632fd","1","5"
"202","0fddf4846ab3a13c5030cf70711ffff8538995b2","1","5"
"203","057e7fb67234e9de8c2d4b6247a24050cc3abbd8","1","5"
"204","4bbc94c3d50b45a53dbedaf7071106e167afab17","1","5"
"205","708ff23218e13314ad3b8914dc26918fa00288e3","1","5"
"206","c7e8dbedf74cd45c7529913063e4f1522b989f6c","1","5"
"207","e585762461b07d221e0f6174c028a649be151b50","1","5"
"208","12c3169c5545a3f188893bbd092904a5447dd688","1","5"
"209","905b249726605a3efd19063c1d4f3914b8a9e9e0","1","5"
"210","1c8b32b02ae30ec070b8319634f2a820a4284267","1","5"
"211","7ae8157d6a87e1e08faa1f99c847b96f845ecbf5","1","5"
"212","382acb5529dec446dbed02f02be842ad86cda533","1","5"
"213","63aedd4761d437999a7142982415bc86a6ae996b","1","5"
"214","5dd3022d3c890b8fdbbd04f1c5cb3a722d745d96","1","5"
"215","a4846eafa1729af1f954088e4d0a41ba3c22b930","1","5"
"216","fc0e7034e15340fe8710c6b3f2ae2068363cc8d6","1","5"
"217","25077858689da705dd342bb6e46fe67f86d9d4e6","1","5"
"218","c3a08e18a2ea80ce0a7249ebd14f8f4556668704","1","5"
"219","8824799b82e7b1cfb8ca8069fd3a0c224ea9cdcb","1","5"
"220","0f47acedd0de06d5a1f470785ceb2ef5100aea06","1","5"
"221","98fc5a70eb5f0eacc81370864ec924657176ae5d","1","5"
"222","9f42ffa3b77663be43f85d1d9c6752760ae6d1b9","1","5"
"223","8a29b5060dabd4d297679244e32fa692e441bf43","1","5"
"224","0b68114bd115da09e1440357cf810863a3660526","1","5"
"225","21fc26d8e5b7edd04f9bb5d49ab8067589beff12","1","5"
"226","3413e0e24a045c276b7744ff1db82c5bb2e7c643","1","5"
"227","07f9a558bce1b78eb6888f3da99729210e4171e8","1","5"
"228","35721bfcb1678657173f8b15bb854e71e69963a8","1","5"
"229","616c627b6a736658231291ed6820db5dc5ddc8f7","1","5"
"230","db4197f26f96299d9fc7c71d1143ed333d9d96c9","1","5"
"231","5f27f1fcb4937da021b2df9ffd400406c0b5edf9","1","5"
"232","789fe2d610304ece553d3fec3d489367d0034a69","1","5"
"233","9809c854f64d1f2ea61925a0d6b1a729871209b5","1","5"
"234","bec5b1be75ab1f1f1221abb45cddda216bafadeb","1","5"
"235","36bb9b09948f1d695791ed8e9a2bf6c67dc2c7fa","1","5"
"236","99747a041de849f7d2f6a1ead9d11d0bb8f6f704","1","5"
"237","133c81b2f99ee1c08acacbd47572e99bc2680424","1","5"
"238","c79b9d829ed472a5187656ca83184f799f23e521","1","5"
"239","258900a85139db898b0e6dda96d8673847e72f21","1","5"
"240","d5006b067c1d73a2faa4639ebbd81a68780adf96","1","5"
"241","96675f6570166440bb502fd0d65755cab3a05ecc","1","5"
"242","1339ae280956354b765d779f509b0dab89c5f57c","1","5"
"243","8cabd7c16a453aac8571b7d7e0f4b891e66b97aa","1","5"
"244","921e76acc7e046cfa810adbdbbb7dc6ad902b07c","1","5"
"245","51a4362ce3edc36b12efd2be4d45fdd61912ed0a","1","5"
"246","e2a4bc99a36893f538240b2b9cd90a4b0264e738","1","5"
"247","a1b984d4ee1ab75372d6ab481dee2216f113192b","2","3"
"248","5c4be4e4127f6b6b9ece17debc442d6043678c45","1","5"
"249","64b3a8ceaed6b3b3a992ee741d22a9c01dbae155","1","3"
"250","a108ca27dbce2a5e409eab0d45520d52f40638e0","1","5"
"251","bd35d7b1c873b52649dcb74c430d6200f7d5cf72","1","5"
"252","dcf4b43e5c2f05d22bad9567dcd98d9cdf707c82","1","5"
"253","44f39943eebd6b61cbb8b0678125109f0366bcb5","1","5"
"254","2d6fcd561e9e542e3ead109d886f7a7ae4c213fb","1","5"
"255","c2dffdcf98dad9082696084e6d454e0c6ca8f54f","1","5"
"256","428f8a0c95eb4cf4e4f831dda0ffdf468c227f41","1","5"
"257","6d06ae94c521628da4bcd76675f3660fee8ebf76","1","5"
"258","00a6803f7cfa0020c2aabdd9d41b3915c6fc132c","1","5"
"259","e1afc730342d1020886b508ba874e366c401eb7d","1","5"
"260","066832b4459d000a06b00920c5923fb7b03ce5a0","1","5"
"261","1a2fc7b77f45de699236ad0bfb64232106b74ca6","1","5"
"262","ec1d87c200149a708acfd92e367c898db1977e56","1","5"
"263","d923fc630b13965c4de4389bb6c1019f1637c6c5","1","3"
"264","5a1cd32416d78dd4f0b4fe0de266924a89e92b17","1","3"
"265","532b7cbd2429994690a2b2949777b4168b18f5b5","1","5"
"266","14107948b92dffc45a7bddf2a189c00dafb10805","1","5"
"267","e40bc71ff06180fbe552ba98567dc75a5128d405","1","5"
"268","26bc041fa0d9638628dc05b03d16369c3e7dffb0","1","5"
"269","e62e1ad9ad1c0db0a64a3b2be666ae340fcd80f4","1","5"
"270","839b414db9659367fb30e704d3ac76677ca5849b","1","5"
"271","20226945823569e0af9f09b0499352eba6d6b160","1","5"
"272","e7ca7c4ed8de5fa10eef26adeff29316807c0e49","1","5"
"273","188ed38344dc6de595a1a60b6198d463a108c762","1","5"
"274","b00d084b9cdbc59e20810a305f348d8807587685","1","5"
"275","dccbbfd1ba4803c95b810b5dac2c46085f7c2b90","1","5"
"276","f97ef2df538716edf6cbfd431adcbb8c67f3f03c","1","5"
"277","81f80d185c3051f4b48a84e89e6cd628faf06e23","1","5"
"278","2f89028fd1748f324c8d5e3f1203038b8bc1c817","1","5"
"279","7eb6b8b6f26fcb26605a8e058179bf0ce8e02c43","1","5"
"280","53cc9f9533d73e8c26c2c896d484ff5d707c0afa","1","5"
"281","02cad0c3c78aa6a6252275e88b9dfc2a34ceea1d","1","5"
"282","6211f6ec9b94ef9b973aec5caacccb96d0674de3","1","5"
"283","aa7627d0a5d72d2bf64f46b8ae51b76f57ef3db8","1","5"
"284","b562165b1b00b36114246e96c8a6a561d6fad115","1","5"
"285","4721c1720ede78df6d8dd5047eec23f5ff0a47b1","1","5"
"286","5d80c5705efe1fbd1698cd1927003a79e481a034","1","5"
"287","0de0dcd3915a599322167af4fed3adb3461c302d","1","5"
"288","2844381e9ac283d91bc502221e861b68ab06afac","1","5"
"289","070754ce9b0530cb5c365995294bb405a111b886","1","5"
"290","c9069a2da439ebcc7bf652cfb6b8180d764261eb","1","5"
"291","3ec944ceb336eeb1db6453aeb569ffa05584a9f8","1","5"
"292","b13a0564d2a0fdfe1fffcc75baeec13765ff3867","1","5"
"293","389d87dd74966049c8d8883d640eac4dfb3242b7","1","5"
"294","0f83d7077188f1669a6eac7ebce8e5f1130d66d9","1","5"
"295","741bb6782772c81d603681688dc5d1e779ce05eb","1","5"
"296","3ce2bde2a07bd7d74b5175f728ee0fbf23668897","1","3"
"297","691180645a9b0c3c096a46b86ce9059ecb6d0a30","1","3"
"298","82ca7b12c24c71a6893b4ac06ad0cb7c400d5fe1","1","3"
"299","9cdf4bddcd09a9c108c5995c81ca64ecc33d4323","1","3"
"300","bf2a8bdd4afc2fca1cf331d32f2aacef590b72ad","1","3"
"301","ce70e65b957ebc57e2d6b62d407a99c526f90b10","1","3"
"302","b6ee9950f12774a6b869be826fba69cceaf30153","1","3"
"303","ac01fb1dfeebd05077dd73f83608716aea266c0d","1","5"
"304","e551bdacbb2611c9c35a155265ee619aca24d13a","1","5"
"305","bb85eaa220a63205331ea2e597a5e373589cf6ce","1","5"
"306","c7a41934898faa0f02a7dd10a843aa8ca009f597","1","5"
"307","d13b9ef3cdb2517483e2e526de0c9a508210b4f5","1","5"
"308","8705be125b212136728a57a3d65bf18687d91e8d","1","5"
"309","9a3b706dba01f9aed4395a3d792e42c599d5cdbf","1","5"
"310","a9a1ee1c62dc7bd9a1aef54bf740202cbd538a7d","1","5"
"311","dcc4ad41386f2d5c2015a6d54e7531a5c0014459","1","5"
"312","236e4723ec25f3055766d7ca09b48cbab42e602f","1","5"
"313","bfe9159bb600a2fed51611a895964510e69b973e","1","5"
"314","81a50bb231f7b7fd23f3733b6d958ba7d3dd9689","1","5"
"315","b850cb25182601404f90194e2798b0f392095eb0","1","5"
"316","4e79510e54358e04d17778b4bb17f9fc8c50d4d3","1","5"
"317","addbd783fe1facdd75ebc5d41ccad4005f9f44e8","1","5"
"318","17ec5bc10d25b91bbe1a35070ff43ed1bb2736f0","1","5"
"319","19bd917659c66e093189ec73959070a87eaf17a0","1","5"
"320","247b4cdddc045de98845766aba9970862640e123","1","5"
"321","69c04ccff44960c93c865e6c0738139d6731a15e","1","5"
"322","74048c4ba3a73428b87b7dc934dcda4944f41a71","1","5"
"323","ce933872c3a2cbddd29d1ee98f1f1701ac182254","1","5"
"324","0b7d05f0c93b69336212fd0f7036aa12e1d50e10","1","5"
"325","af5bb2f24f451d1767ebaa1bd3e3d1fbfb268554","1","5"
"326","4de0450d0971bf1ebe695464226a83729da86b4b","1","5"
"327","fbd40e5ae93c9fbae667be9c290f223c0c0f057b","1","5"
"328","3402a5ccbb267d30f4ac826b87f90cc6363fecf1","1","5"
"329","0b893c58ae4e0b4a2f8b20eb1582fc55972e863f","1","5"
"330","35fe2406e7139456256daa854fd4293816000e32","1","5"
"331","537828d8909778f063972567196bbb7771b8b662","1","5"
"332","61fe50886acfa37d9063ff3fcb34432c82dede8a","1","5"
"333","967180d2ef9fc3d33c09cf9013e7640b63f69fce","1","5"
"334","b54617e765d73b3ce0d187cf12ad8da382bce439","1","5"
"335","be10f7278344dacb0bcc43553579b5add828f9b7","1","5"
"336","ac1f1e6721d7161f1e6b8e8bf56788db90f3dfc0","1","5"
"337","1c2f5c6b653cc7dc72681cfd4b46eb5e33df01de","1","5"
"338","358c86c19b3c22eeca73313ab09f846861bd3dcc","1","5"
"339","685197aeccbf10be3a71059c71906ef247e561a8","1","5"
"340","755c9fb2d0135f52d76ec3ec742616806183e951","1","5"
"341","b1bf7228e79b1d9c38ce332c41b9c6a07e5fa79c","1","5"
"342","372f16969b4a451a7c366cac72d0743bdcae61d1","1","5"
"343","832fa3edaa4c19094614bff76bb4ec659a30ff7f","1","5"
"344","d4fc26aba0de0f850b76b34197a7f8bfaf477f00","1","5"
"345","4d327fbe1b55b6651bf7ed935073917994a1dd84","1","5"
"346","8b36245baa41f0739f5b503d6eb77ea87abe094b","1","5"
"347","252224e9e6cb41475b1493dd8fa6f1ca07eebcf1","1","5"
"348","b4470eaead684ce877e197bf38d41cccfc6c831f","1","3"
"349","c708986f7ac7a44789b38e198326a8cf9c98e454","1","5"
"350","80a02d504105818ce0c31797964ef2c4e403dae8","1","5"
"351","00ab245c0c6534d575246cfc5a1e49786eefd538","1","5"
"352","8324ea0bfcac6db2f2ef2c3d12a84744842aa8ad","1","5"
"353","3608acd141a4d3c2105672b4b19b26e4d2badb5c","1","5"
"354","d696f5b42b94bdc317f4417c4c0cf834fee0e00a","2","5"
"355","644f5da8e32941a7675dde8a73704616ccaac87b","1","3"
"356","2eeff7680f3eaa67967e603eb511179261e9a2d0","1","3"
"357","92517006dda11a36c43c44e64fb25bd34921aa1a","1","3"
"358","c6bcc420532e938f5a0a9649633c21149a3a0077","1","3"
"359","d8303479d8b4ed922eecbf01a1a0c8f27d34c062","1","3"
"360","b7d4e5c3fc9b694370e2111fc94c3663485e9e42","1","3"
"361","9a83d44a1ed8e50be17e5d38d96b54c251bd51a6","1","3"
"362","4273224a716b5ae7300d569f076dd0390001ea31","1","3"
"363","3487ac2340d9f27f375036922d3c7ec9525fdab5","1","3"
"364","9a56bfbd9ddc042c75d9eecdb21540e18dc1ccc8","1","3"
"365","cb1d29f9ded5e7f09a744e1500e0f7bc61213e62","1","3"
"366","9e854dfb439cd2688965be6f3bc9ce414ea97956","1","3"
"367","8e0e94980b9393e8c61a856a6c97c68d5f0d974f","1","3"
"368","ac4c652637bf2252943301ab7c7cc8e6a1fbb676","1","3"
"369","9871e18601a29e6e0c27eee3596a466b3e3a3a91","1","3"
"370","c290ff7f331a1476c2cf4145a84abf6c78ac5a4b","1","3"
"371","a9058b2b5cafc5cfa18d69ebf741a8994171f333","1","3"
"372","82ec72d4df1a1bcea28974291b49fe01ba818826","1","3"
"373","18b89879e6706d082207214acf99ac2fe4c437b4","1","3"
"374","8f097965d0472be818eb7c97fa06e654f263aa8d","1","3"
"375","dc11a32a6fd86bfabf54dcf237c11c992a0e38a8","1","3"
"376","722ba7ca41f872a12cb247dae5593a638f1bd4e5","1","3"
"377","6ae92db46e8ef8179c95bd4c796bc2ecef1b94fd","1","3"
"378","38cd1bd7211160f32057b6fa78dab32387a461d2","1","3"
"379","fb2139ed78d0a494aaf55fd077064a652712d061","1","3"
"380","c9946768adac17d192df64dd45e8cf036da113f1","1","3"
"381","e2b4c32df901e2e584c8d2de37038ae790f4f523","1","3"
"382","2a2b2f6a073de6711687d79aec791593b758c6e3","1","3"
"383","79f0192b32a2d22554f09ca0861e47f07e3d8829","1","3"
"384","40f56625efd12ecb41a5fb878c3d289992274933","1","3"
"385","33e95c1dd67bf15023ff452fa3a8e99297fc4b3c","1","3"
"386","0cd59ea697bedd60f3462ea040f323ff25b453dd","1","3"
"387","ecfa9f1458546794507880237536973b59331bde","1","3"
"388","de0425f5c1e08f7d77fffc9c640b292889e642bb","1","3"
"389","be482e6c331d16cf0a6a82a20bae249543b6c851","1","3"
"390","1920ab05edf55980c2c7413eb654cd653cfa3e47","1","3"
"391","a664e5975824a49d55514162dc24fb33dbcba4c9","1","3"
"392","cbe30c6247b2bd040bf5015b7a8bd22009565b84","1","3"
"393","7ffe58edfa7e32f0d1d19d1466da8855e19027fc","1","3"
"394","ed698a3c81b0d4354a08eb3442cef7f6cb6422a5","1","3"
"395","e25188850bdafd3ea6c04acea5e63ea67d46504c","1","3"
"396","f13a5fa7ac2188e54d2a223123fd8d1b0b187e7e","1","3"
"397","b3714806ade0f586366ddc5931f985d01de75429","1","3"
"398","4bf5608aab827b9c2ef530a61489f75900cb2270","1","3"
"399","a3bfdc40bc1d07f17a2cb63b7b0d52c195f50a2a","1","3"
"400","ca9b1d1575f9b43150e333736d591b4dc82120a1","1","3"
"401","a057d8620fa447fb07061cc51a71e9fdb80e953e","1","3"
"402","8ba609ba3852e7eb078779e163bf329fb6eeae84","1","3"
"403","d5c8829fafe55cc6a6f52cc4539d177d5029550d","1","3"
"404","f1d3c322fc064a957cb2f406b2ac4d14f8f31f7e","1","3"
"405","f0d8ee39d7ee8faf1017d2462ef4bbcaed1f4c57","1","3"
"406","9e4d16c5908e70a46f81dca3234971fc05a6e0e7","1","3"
"407","d6db6ef704147b2d1609e1e46227410b9d24b70d","1","3"
"408","5c765548de0567bd49e1733610261d35a3dce373","1","3"
"409","2abdbb64e6919f9ab06e81ef653480598dc655fc","1","3"
"410","e8661f0d86fb07d4a71eec86a4983cf1d03be548","1","3"
"411","7b094cf5cad35be85262f0925d4350448c807a58","1","3"
"412","d36022dfcf147a6f5bbe91a638b759e5d7fcb5e8","1","3"
"413","086c3bab341981988681e278d9e26462c9c95402","1","3"
"414","8cf48aea23e669d46f80a436e2481e9aca8a49b8","1","3"
"415","1ddafb6ee5fd5732eaeda5a97d5eb6ac8be015c5","1","3"
"416","192c00e122a62863f83fc81f19b81e0f4510cd51","1","3"
"417","c0b1b8e33e3c5dc39bb7070e69b7e0406746553a","1","3"
"418","ce86a8d47edfb9385f4951053d5ff8b1fb353edd","1","3"
"419","96bddb70d37cfcb0dae2d5aa2f5a0d5919b4425c","1","3"
"420","c583d0deaa3005e0d02ec2bf4d43a72bca92a8cc","1","3"
"421","40276b6481f1c60bee8696818939ccb0b2a4815a","1","3"
"422","5d79dc0682baa514bb829b43fc2d5753e9bfa156","1","3"
"423","39c97dae99c91ee64cad0fe03550778fd2d2307e","1","3"
"424","afba70eabff55a4622226c63facd7d42fb4718af","1","3"
"425","cebe6097c6375e1d7dad564bf0037c30909ec9ed","1","3"
"426","a3f4f437c2f28a7c377efa0b39f38b2c6c430ec5","1","3"
"427","95ecab74eab4d105dff9297dc8953cb918143234","1","3"
"428","864c06e234a15560ad5f893f52116b2e33c357e4","1","3"
"429","9af3ae2427d2031d3a29a7276707308c9b83d691","1","3"
"430","0def0df770643f384f3f77c7ba52ccbe7927a99d","1","3"
"431","de40bfc0cb91efb0a181d5df11cb739057c56432","1","3"
"432","95c5a6a259b21e02ce216df3a64dc642389dcc64","1","3"
"433","30c6fe60d40cfcf07615ee31c209eed49dfb84fe","1","3"
"434","a2232866f20204f0ca96f8227062ada968762fbf","1","3"
"435","b1ad7b2d8c2ca3fead6acd554eecff0ce0327429","1","3"
"436","d19ab7ccc94b29a71046ebd1ce688979b77503ce","1","3"
"437","5a328e9bda6f6aca6dc6c09a88954c4554de48c5","1","3"
"438","c48a75943dea129c6cee29d41d0d32302e3abd77","1","3"
"439","dd8d345fda17f8a75e6462ed51b20320af254797","1","3"
"440","36c3d3ae8b05c3af0bb6689f6796fc0eaa994dc2","1","3"
"441","991655d3182989314a90033b964b51e0d39548a8","1","3"
"442","7b4336071b078f9a8a95a200892d4d5371e3b737","1","3"
"443","4f46e6fc799ceecf28d0761b6a9f8021d8f40b40","1","3"
"444","b5b992a84311a2bbb3ec7430f6c4b0d7da082ac7","1","3"
"445","9d6b9b6e4f4fefde854fbae531ccf7118bdc52a2","1","3"
"446","0961cbe28050f07234a65b851b70bf4c87d4905d","1","3"
"447","ba1bbdc993c27ae86e34dacc73d146e94b26e616","1","3"
"448","c6d9461e5404705cd640b098c62f82fbcdc04907","1","3"
"449","f94e36c567e750bf1c7265b16d5215371841a8f6","1","3"
"450","b2ac4526bb322f2fec50a519b5b506dbb9996c17","1","3"
"451","c9f2a4fe27453e09a268730cd0ab76a42016475f","2","5"
"452","a2fa2432a4fc2e1c39da627ea92e1c5e216bf68e","1","3"
"453","c18f5586400f8bff0debedcf750a7c2d65763736","1","3"
"454","b19940c263bfaf9f718d5661bb5effa771b68aac","1","3"
"455","3e4223047ce3689a7313a3525560a281aa13df56","1","3"
"456","18c2d227e76cacd3d5c3ebf397bfd839906cac08","1","3"
"457","001ebf79107da7436e2c88c1ddad3047f2d7a2c7","1","3"
"458","16b8e936cd0e14ec35640f279b931ebbdf111ef6","1","3"
"459","34371c0521be9650d3118308049c3efb109d19e2","1","3"
"460","925ce99f133de5cee886d859002778f03c8d3d4b","1","3"
"461","62a076a7d5a66e1406206d7474b260b45c02ca10","1","3"
"462","19f04dd24d0b29c1dd78f209e25a60202549f650","1","3"
"463","6e85300a1ec75e901025027cd33fe18c0b785ea3","1","3"
"464","0894f9cfc95ebeba1a5295535280c1f66dd5f1bd","1","3"
"465","9049c504de668501ae4b358a6e31f2314fe6a225","1","3"
"466","ffde1fee7b03d0d1be5dbe15bf08836255facb60","1","3"
"467","50e7c3efdcd53f9b01f8c456a75013e8e0d0396f","1","3"
"468","6242bd3f74bb0d6b9f5985f36524fbfb46d6cd2e","1","3"
"469","e17788d5fb71261c978ec89de1151b2d9930e28d","1","3"
"470","4aca8ed6dbcea641998031d47b0fed98dd08844a","1","3"
"471","4bebfa56305e741e9ac553715ef645b7ebaa5da2","1","3"
"472","6d5ae9ae5187546e776cfb055cbf9863b3ff93ac","1","3"
"473","f106d2a784777eb803e54c4bd441be84c637ddfb","1","3"
"474","b995edc7ee5bfa7b9175bb48c45099f2acf7a75f","1","3"
"475","b9229127defd5426699921e50d3bd03c9c661b9f","1","3"
"476","addcbb3d9c56b9c734276428351299bd1c94db2f","1","3"
"477","4964cf9ce60a2f145e17475210ec9041dd74bdef","1","3"
"478","9d60989f671c3064cf5532540b6a3b171b393925","1","3"
"479","c7085afd2bc38bbcc8dbf3885d0e93855fcff29a","1","3"
"480","9d5b6fda0a2634446b3b8900281a08b9a4e4c918","1","3"
"481","a2d2b570e6d3fd2be1a023a5ddc428d5ca0f1a67","1","3"
"482","1bafe4253105165020a046d09156ef70fc7ca34f","1","3"
"483","230b72bbfac2e1755e8c2039b0917e6137211778","1","3"
"484","72d9bf7d813147bdfbb639cf344cc797e449820e","1","3"
"485","df32ad27243a319f563f8cd2b3cb4f844d0e1091","1","3"
"486","c47b73b27ed2a371b606e64696a2a8913c89235a","1","3"
"487","286d7f96c94c45bff65a0e51df714b957d985da0","1","3"
"488","33faccfd18934f729573812c4d0835cb5e1a599e","1","3"
"489","535cae089b432ab62b0aa208a52df937016bc235","1","3"
"490","b0106e26c799fbfe2d8f31bc470e57a5a4ec2ae5","1","3"
"491","594ab43e04fa02e4936f895a9716aa931888ac43","1","3"
"492","a925acaf582e16adbbd819472b3b3ee858f11ec6","1","3"
"493","785adb2f56538eddab7a1f19361358e41ceb9b5f","1","3"
"494","1191a44631adf4185ed0153162c8cee371269a3a","1","3"
"495","1989f8fc71867f75cd0861fc956fbdd634016b73","1","3"
"496","23b3a7b8652b4d48a1fd8d6066afb3cd1b4015f8","1","3"
"497","12e46ec8e9b114fd2d7bbf6cd8012ce015c0e444","1","3"
"498","bd59aa72e66ee6585039c0bd3642d2fce6fdb3ed","1","3"
"499","7a926719cc4608bc3ec3fb3b253c33a2e4b22056","1","3"
"500","3e83886fc0edb79847b67c6e0dc8cfb50f046824","1","3"
"501","93e1b43ed721744b5f198016cf67f72f2fc6787b","2","3"
"502","a0950452a16fa9ed5e16ec8bd0750617f1dae35d","1","5"
"503","2822e37841ebd2c4b346fb8c46afd7499c892620","1","3"
"504","3bedb340fd3546ab267d940594c2dfbdc253b345","1","4"
"505","cd5f7f80fc146d8935d03421559d49a0aa8fb69a","1","4"
"506","8b34c6e7d15e7f79bb9e939ae2cb4a6d5f893eb7","1","4"
"507","630114ddbd7abb868e126faac7413ea6e8985c02","1","3"
"508","b99fde2580a375a7aada00c758220bef0875423c","1","3"
"509","e5010964214cf5be6b98c9ddf4bb437b67fdb00d","1","3"
"510","b25841a8066a08cb0d8287830626cac072bc6fce","1","3"
"511","edfe6000b9348dfefe240d7c6362bcc3ae337f75","1","3"
"512","f54a11a0f65781581f5a268a0da221c2936bfdb4","1","3"
"513","ed768981bb22f8cbf312c24ff02649acaedf4212","1","3"
"514","826d969210baf896f9a9ce785de9e64b58960604","1","5"
"515","2769f2497af191da82e8718bfd0db65d64813e61","1","5"
"516","8b9173081045b31aff4064af3a44ce502c658c18","1","4"
"517","20a1cdc9ba04050ce8a436d1d587de45c6c6d195","1","4"
"518","78e7077861e2f43b0d846665b1569e3c565fc8fa","1","4"
"519","a9647d8bffd2df8c7e3dcc31d8ce720babf4d0f8","1","4"
"520","b1f98c5442cb402cc701514fa80c213135117273","1","4"
"521","ec77f66c124e1bdb499b9b80a9778aaa2fa9f9af","1","4"
"522","fa1e59f4408f4017d4b6c69e672eb7c27d68f3a7","1","4"
"523","fb2b9e5d680c1ee4bc822787b4a4d2f0b06d4983","1","4"
"524","f9d75d8a38d77ec725b7f3b58d6666196bac62e0","1","4"
"525","b4d33955b15c74ecf2c779d321e941a6345924bc","2","4"
"526","d72a0255a3242f49bf70c228533df9ea979f2b03","1","5"
"527","bc2374c7e2c5594076fd404b70686ace004a371b","1","5"
"528","ead1ea50fd3c9b9d75d708f72b53b65c97507667","1","5"
"529","69d0d1621a8a7374b125fd2bc70098a467559f44","1","5"
"530","45c9ec5997896f92f9d794b4963895db0d1f0418","1","5"
"531","e27bf122bed25b71dea8e5c3712589aabf38a002","1","5"
"532","a7c98559a0b954d79429ac577474cf1700b03ce4","1","5"
"533","e24e139efda2f5d440fdbc924f76300beb6419cc","1","5"
"534","4e845ed7ad59e4d904f164bc161d6afc1db0255b","1","5"
"535","57b3ff38b281a1c4c62fc98ac5a22a42f429f086","1","5"
"536","2adf38a7f2ee394f648d2fe7fc3e9b25810cde9d","1","5"
"537","7cd83c2e73deb47d79e71cc6afc3eb4b613302d1","1","5"
"538","b4bb988f522d3f53c4405789a85cf08b51f23d97","1","5"
"539","13ea5cbcfe44323487340f19422f9aa1dc0b3688","1","5"
"540","4e0c2d80433bd875e7561bff85cce283bfa4a53c","1","5"
"541","88d5ca079a9ca0f041c3275e47b7a1d69775d6cc","1","5"
"542","6084184a80dcf7651411157cc0f40fa4b7e750eb","1","5"
"543","366457d9abb4de2bdf2bcf4d7c1ce20ec3a52a60","1","5"
"544","6f5fb8042022064c465172f70c14066cc5208c7f","1","5"
"545","796e7f15567eeeef96e224d8d00c27fdf1248413","1","5"
"546","814f3f23d37d3e0906e257bdaf16382bad93266e","1","5"
"547","fcf0d940a26c0d32c527aabe270ccc4fdd6bc5c0","1","5"
"548","f448e1b455e9377767e24a194510756ebf22e34e","1","5"
"549","0aa6a54b61473d183017135f53a64c67fe960500","1","5"
"550","4f2c87b774eb9f2b87f1a3a95a29939bdda5c0d0","1","5"
"551","b907978deb337427d2bea7b02edbb315736c61b9","1","5"
"552","8a2659163016a6bf9af7e277a1118cdedc10a673","1","5"
"553","11bfe40a561659f5eb3117ed69af31c804516c96","1","5"
"554","7e3f1d0a94e514bb42fc199dac3f3d6126913311","1","5"
"555","4805cf4eb651cf194f6ea9ea72d9aa5b6f1edf90","1","5"
"556","6a9680b54a0ddc0479db02605a4c6d2390da495f","1","5"
"557","b6b07ac821a0ac0a5107d2ed250f842649086d21","1","5"
"558","b2cc694638c845bb07d9b05ce6f5f7e5facdfcb3","1","5"
"559","d92096baaf96613b6cf47a43402760bfd9bb2666","1","5"
"560","00e95181f47b51e4529b8cb3ad8cb310faa10b07","1","5"
"561","01f005bd3ceb47427476490d7ee5ad0d19248ff3","1","5"
"562","ff9e95d00be12b5eb99237f50acb77e094417862","1","5"
"563","b6e98a6cf42491aa18c6276a215a65c9333f31fa","1","5"
"564","e10c9a41c86e6962a15f458feeb7ee260519cc3c","1","5"
"565","106211108b292dd5976287648c510706ee4dfa5e","1","5"
"566","20249e851e631d4d1ac2e1547828ec20103f3c08","1","5"
"567","6c050d8b605714121da570382078edaa3750af4a","1","5"
"568","cfbabf8e7fd1b105000d5789941b33924bbe63d5","1","5"
"569","40c47b34a8c40f8fde670c75ad683170d02abd8e","1","5"
"570","ede6a210bcbb1844342ebcbcf6724ed9db8a2f4f","1","5"
"571","828b957be6e70db69b7bb3f8d05343301aae9e29","1","5"
"572","ab3fedf91a4b7156c1a1aaba8ab3d2164e32797f","1","5"
"573","c4ce24cad8d0214bd06798075abad3b7b4393aa3","1","5"
"574","e426a53a86990314bafe7b3e33dd41632eec1757","1","5"
"575","93011b4b9e521037df3556a30be0a0e77af765de","1","5"
"576","f4ae48203b610e79dbce2bd26969aa00d0c5bd64","1","5"
"577","fed8e0e61ef559ce9dc9bf4f7e940c22b6992809","1","5"
"578","9585557260713d7a08b608880c0ce13c837a52f6","1","5"
"579","915bbb87897978a87e7b360be438c20cb60d7ddb","1","5"
"580","fddcb49c8fa1e47ea9a20901d5982619b63fa523","1","5"
"581","5c530adfbac7ac6d28e039138405906134a22692","1","5"
"582","c5695fda8d8877606cc59a899c772f1eb2a28b27","1","5"
"583","7381b6c7dbd4132b962bda8af5afd5cd3fe62b73","1","5"
"584","482bcecc5d4726b676b208d7efb64572db718cb7","1","5"
"585","25de3def45ebaffedc620fdd4535c69a1c726db8","1","5"
"586","e35fb78d58750176ee0175f27ba1b2e9c9da61d6","1","5"
"587","6af6a803428020fcd32fbe2efce782ad34b2ee25","1","5"
"588","95245a501059ef998be5052adb5930d744533731","1","5"
"589","498d5ad7055d1cfee7fb3fbaf45893235c9fa223","1","5"
"590","a1f66c031ceba5943473b1bdd95765cff87a663c","1","5"
"591","10196f5dc50efa360bb988db3d16b3520d0587ca","1","5"
"592","a5861265a5ef04e7419b8c3d7469c887a8b350d4","1","5"
"593","57fcac4f90fe50a0cb1b325ee1e6003521b02520","1","5"
"594","e8a984ca014c75ae7fcb99b666bdedb4ba0424f1","1","5"
"595","390fbb37cc7f41787cf2559842beb98e7058b4ae","1","5"
"596","dce5d3ed35a665830645c0e3dab6d5c1ddffeec1","1","5"
"597","9e677ac296bc73541d0a6b2f1d4d43a78123ac12","1","5"
"598","63eebf8a57420ae4b79550e744624144d9f80570","1","5"
"599","c242e8d661007dbb08f1c4be7dee9fc123c5de9c","1","5"
"600","720b6fbf2a8987213c851533d16dbe8376b91f3a","1","5"
"601","8e063e8a9501b48c03999446edbdc1e83cc28236","1","5"
"602","637b4c40ab3407edb12d41858ad468b9508da192","1","5"
"603","aac3f8544851c8b052a6d1662f9919803b17ef39","1","5"
"604","989b81427059daf97600af40bc1b507118458b37","1","5"
"605","aabbfc0423306bd8e8010853083c3e831fcf18f4","1","5"
"606","5aad14b858ddfff1a6c02a11003fe4cbb265350d","1","5"
"607","113dba4a023bdc5134c9ce5cc700e132ff305901","1","5"
"608","b8a29557b0138592058939f5d1b99e9fae012626","1","5"
"609","21e4b030b755502fb696ace99352e67579eb1fd7","1","5"
"610","c4b425bb0bf6c72adb5b4cab7583b91dc8397335","1","5"
"611","1245731a28a4c6b4d68c5e204ea22aa218f9162c","1","5"
"612","1e0baa8af17cb2031dd7a2f572fc5581a64c9299","1","5"
"613","5684d98ec3f5ccad90d614b204da4676d9042f63","1","5"
"614","4df434c62dbed181fad0923e909a40a967333215","1","5"
"615","774f15205655e7e19ebb427e576bf852a0ad06b6","1","5"
"616","ea772b530d1006407a7eff46bffb0049c91a3c43","1","3"
"617","d20ba5bf4689863f6d3f632e140f1e38d3c0e0d7","1","3"
"618","bc6e3a003b706be5b316ad8ae067f3d2b40c971c","2","3"
"619","0aa0e8579723a76f53fe7e0ae71dfd1722465c0e","2","4"
"620","779ea50dc7d40f9fb9228eea6fee0a6588de7ad6","1","3"
"621","a0aa3b91f3f4d6708f15bccdf2d330ebe00438a9","1","3"
"622","fd95cc417dd5d6e4fbfca092e4b5528a4feba46d","1","3"
"623","e266b1e252ff570239e07f84324be3069652d2d7","1","3"
"624","93aae2d1bd0c1676d6d4d6c0e96eb338e48a64d1","1","3"
"625","d1a7efc79dbda8669b1d709c01b02c008a1c3205","1","3"
"626","c9f9348e3de0917020a8c903f4c9d026b7dc6204","1","4"
"627","0c80dfc9a467914b845954aee74f7ffbcc13d60d","1","3"
"628","772f7a0c6cedef2eee9206f83e2cf187493eb3e2","1","3"
"629","4d2a39a98bdbd993655a3f94d8f63c8093a1569d","1","3"
"630","e3cb81cf5707e5fc8ad1bd83729bc80f901ebde4","1","3"
"631","1c71cac78dfe029c6a8b3822fbf338c54693383e","1","3"
"632","40bd57486076f2bba79f8ccc8891f07137c8dcba","1","3"
"633","680a0d1682870089e94979b9984630ad43c830cc","1","3"
"634","9dfeb14ff6e0cea8f3f5a6418a778f22d1245be0","1","3"
"635","97ee36d8aefc7fea0c991c68577f2cbcb3486f0b","1","3"
"636","8b8a00632f19dd2ad1ab5d010d6ae0f7d34471f1","1","3"
"637","7c4e72c6ff6e1be5b818724559c1ea236c664dfc","1","3"
"638","f089a8789312e0cacad5621a4de6677936635d57","1","3"
"639","69ede81dfaf5eefdaaf638c17f69639986a09733","1","3"
"640","018baa05fc0cbe59b6c60d3cc8ed40619e0a9988","1","3"
"641","58e5ae6faf0df2f8cb62c279688dd0fdf666d6ef","1","3"
"642","d871340d3a635fc01595deef4c2e1e9a5e7d8622","1","3"
"643","b27eccc14ccbcc0edfc4f77b3c2d12e680b3bd6a","1","3"
"644","b260f91d1203f6862152dce767f126b9d7575628","1","3"
"645","dc6c9a77c4f67066011014e06702d3e3568865df","1","3"
"646","b07cb6d333ca7f45e3584431c074e171fd273ad9","1","3"
"647","a11ab94919f6578ab74da7fe5aa4e7d1f63334b4","1","3"
"648","1bad46faba934a17f90569599dbc189ed5993808","1","3"
"649","55fb17378fb3a3ce508dc27e400988cd5be62a20","1","3"
"650","34f85d0909b50c6c564e520b30189a0a6ee2c655","1","3"
"651","ec9ef2177b7e85fba39586924703339d41dc87e4","1","3"
"652","4b16686a4b6061ff5451803fdf7f64e49bdfe512","1","3"
"653","42b5aaecbe3dc01b8198c6a960fa3cc6d4135885","1","3"
"654","ff07d57f17539b9365949465abbda2c85378cb07","1","3"
"655","13142bb87e9899c4c64f727f78197a2222138cd6","1","3"
"656","c60a928f312ed72ef54e7721dd5caec37f6fdec9","1","3"
"657","7b25195f354702a741a2af6851a712f245f06488","1","3"
"658","907acb899b1190655fa1b55d145fe8d7e694aaf1","1","3"
"659","2e59dbfd6f3f7ff68a916a5e6aefb772a84cd262","1","3"
"660","679795ea2c07ca06682eda7a821279464889174a","1","3"
"661","7020e4c75a1524682c3ab8631c401b08d3ca6937","1","3"
"662","fd09f67604fd98b75abbe88ed6c576680cde6c60","1","3"
"663","2cfc1eccfad134a9d162f7cd83ef5ecc9c0a0da7","1","3"
"664","9f4f550a9024c39aab86648e31bdd9b51a8fed2d","1","3"
"665","0d53f67e519be979a4eb17fafc3a5cbdc07dc49d","1","3"
"666","d3618c13da1cd85cea2b6bd2ca26574bca5a1a91","1","3"
"667","88b45bd59236d77e0c9fc23c19df6708c361e4e7","1","3"
"668","d9e0ae4ac083286c5440cc4bdb0f18d9c70fdb45","1","3"
"669","74a77aa6494957b941df55d66ff64b6561eee4a8","1","4"
"670","00f54089caeceb6bf7293c751606163da5130a75","1","4"
"671","11fcaff0e3f807419db2609bab07e0efb47f8df2","1","4"
"672","71f8e864fcbfb5d1073ca42f4d5a6acb94928eed","1","4"
"673","2d1785b3bb47c103906a24a40cc1a3b4ffcd70fc","1","4"
"674","ad599b48b71db3125e9bd61d75b7b6dec5f499d3","1","4"
"675","f14e0b21666e009f3138c228d9ea0727488a895f","1","4"
"676","d165464b1b3e6c58f37a6632689cf3a3eb80c196","1","4"
"677","c09081bfc5b4ee7affff452bdf5d17ea778ed9a9","1","4"
"678","2c9ce5c6e6a6c16daec93d1b3ef526b4dc6ed560","1","4"
"679","67178e00b1ef9b07367728bef2632009762d9b0c","1","4"
"680","ff43309e39fb1db2bf2ae5a3d7d0972440880dca","1","4"
"681","89f4d44dee45567d6d855842856d5439f9501987","1","4"
"682","6a89d3c34f9eb7bd8e44da4619a81d3f424be1fd","1","4"
"683","f9184624f18094beb1bb7e9f60e5665225dfb0ee","1","4"
"684","4c41ac18be1129d350bc0f6d6d72eea84570c776","1","4"
"685","f6b58a52ad30f35e7a635ffbffdb9fc7c7f2de37","1","4"
"686","c7241a67c23899ebb3d6c25cdccde758efb7a0ad","1","4"
"687","9603e30961dbb2391bf309031f64c29f808277f7","1","4"
"688","7ce9a3c9ebf460143ad75275e4108b0b32f0b206","1","4"
"689","a7d0289ca52f2a9f2d84ce1bf9ebc84d3c7dcd87","1","4"
"690","e9dc271f11e311eea2269a8f6035e2c322d8d520","1","4"
"691","abe9b676c0f15fa47809ae4a094001e345521de6","1","4"
"692","3def2364b37a631a3727ca5353949022e341cc0c","1","4"
"693","504c11b8ead80e186ff0de83dbdece2337cd1162","1","4"
"694","034f0cf107403100650d6eb65e7168f62133864a","1","4"
"695","3af457f8cd3dec53af969a70f7f5238b4502dada","1","4"
"696","3425e7d12f514c976fa793f31dcbeafa1527bab4","1","4"
"697","d3d0a868069ff783ba25d9698ff4b9311e58d796","1","4"
"698","88bc6afcac8217533a91cd504bcb9edd6c9d9841","1","4"
"699","777be78ba1f858506b821a5dd2fe8f9d83e63ba1","1","4"
"700","f3e8348e8ff82b06a14db3513eb9d90a24e5652d","1","4"
"701","235d6e785e21888cd258e2d120e997647c2d3320","1","4"
"702","ce52a250089ed1f9e9f6e9bf8e02f06979228423","1","4"
"703","112ad81b257f274cc69f55d5f898a38bb99d17f1","1","4"
"704","429ca8d29c9bb2edc822304498fdd1ce928b3a41","1","4"
"705","65e8b2fc7ff132a43b2aeda0c26eb996d2a764b0","1","4"
"706","a66abc7a0dbe3f592f4fc4bfeb0c6e56c12b661c","1","3"
"707","e3ef68891bb1dd45cf4e09674e1c03fad44b27ee","1","3"
"708","3befae326c24b10cea1b1e6992ef808d481134c2","1","4"
"709","e3b2ce24354763fdaf2385163ff132921edea5d1","1","3"
"710","cea443699522b1dcb3d6953604eb3ca95da6b56d","1","4"
"711","db03e4a768bd9b93395285b97b65d309a0442d5c","1","4"
"712","d839d1bf88b855edda344fc548f0701e2a018655","1","4"
"713","fe4960ca9f99a760e512629522184bce30137efa","1","3"
"714","b59c827ae1db8145433ac38a7fe8bff0470c16b0","1","3"
"715","19e45278726ecb90f1d37b39146753b46537c4bb","1","3"
"716","e7f8b181e2da4775cc3e516199c6a83f54d7b565","1","3"
"717","5e3997d0179101be2a74f8623ee34d927a852af3","1","3"
"718","d409e317f2d0df2998c46904675f878fff0e4c28","1","3"
"719","5e20952decab2a2f4dda826a06a21a3b93115665","1","3"
"720","2b88df6e3e4e36d447c3dfa35552ff60ef83ac88","1","3"
"721","818737d3d582cdb990a9dc0701b6e48a897c9bfe","1","3"
"722","f2144d4ca2410aba05a3153dde7ec0b438d3fa0f","1","3"
"723","827a69d07ed90f2464025be9fe0e835a4a1c7137","1","3"
"724","bef4020882445a9f16d433dc88d565fbfd84ca0d","1","3"
"725","3d554eb4c1d0baf70d569d697a9af4dd0c13c48a","1","3"
"726","1710e329d5aefabbabe1ebfa3c605ab1bd7c82dd","1","3"
"727","fc4de784bcc6ef156227f3ac62a758a68d913897","1","3"
"728","782bd0e3995d483cec79fa3ade42727bf8d1d008","1","3"
"729","efb64163c3add7d735c3f1cb765cab2257e09d2f","1","3"
"730","0d93d5cff6d8136065c865abba885298681b4d1d","1","3"
"731","3006e631647fa7a923702a4526d9294c7f6d9587","1","3"
"732","8509a096974caf30382639c5f228bbef2867af34","1","3"
"733","effedeccb5ceca66f29713639cc540ce50b1fdc2","1","3"
"734","b4e44d4bbcd15405838d0f99a9a571fa90470309","1","3"
"735","fbb7112a6ddc800b714e8fc08c00c97e09de2a93","1","3"
"736","8ba9b5fc853aff0e9eb8aeab5d7e826f404d5a81","1","3"
"737","902e92a291219ceaf40186dd8ba2ed41f2644f5e","1","3"
"738","e1d80239428192b55ef565452a1b24ba9bf136ec","1","3"
"739","5710c99ea46b7534d6df1481878b7eb7b03f277d","1","3"
"740","691c0f4720156187bb5cde1dfa4cc1272a0aaa11","1","3"
"741","3633cdfcf7a391e311ff275b941f3929894a5eae","1","3"
"742","55ac3e056b22aaecb613d64312a42b275c3aee2b","1","3"
"743","b1dddf1c99c70dd26f1ff66b109ee6c9299d4232","1","3"
"744","f03faf9c693512790acca3eb7e10cb1837ad9a01","1","3"
"745","9cea9356930b4357403b46ef4ca9995598a078ce","1","3"
"746","d5f721c5370d13ddea267e1dd9d805cc239295c2","1","3"
"747","6ebcede20984fb46ba807502a716ec0099079ecd","1","3"
"748","3b3695ce5881452bf0698b6da311a8f39967f721","1","3"
"749","f636a7989f83562f98b4c81c3615ec5c1fb15a0c","1","3"
"750","dd97e629a00308c062bd839a8154810ec03d60c8","1","3"
"751","6d071200d8dba9eee93160bdd001a38de966faee","1","3"
"752","deb25a87d08d93ebc77c5c8d9e81b8a632485b83","1","3"
"753","c9cc96a1766ae5ff423a32886c3ce58075816671","1","4"
"754","32bcfd0602283b743e284d940c768dfec4f4a42a","1","4"
"755","5edd4eaea7bb6e6be65e9d6bffaeaa897551df71","1","4"
"756","3193d405d3452d2a3ae68bd83f6043c969b4922e","1","4"
"757","f910e0db9447ca0bdc1a382c09ee1a242f4fc166","1","4"
"758","b03ce6b28e0f16d11b769f75a069de0328637794","1","4"
"759","647012319d141564ad08fd1727e67675b0c2efed","1","4"
"760","f27e5bce2c7fe2e06cef7746227a01099d7d32d3","1","4"
"761","06d4bb6ef10a11e19e1d718a76d7062ef5f69834","1","4"
"762","98c90f0fa583e2932c2c8639e9ec483915c47ff1","1","4"
"763","4f10a50943fb4e38358cdd74d92ec48d0c257644","1","4"
"764","a305c141bdfc68964b55d2d760d01f48d3385873","1","4"
"765","3dbfa10c26a71d33f35037edc4e57a47f50a11f8","1","4"
"766","f0e4c6f2099196760f0037e7812dda543d332c54","1","4"
"767","1bdfd7e1f04194f7aa88ba2537f41a08409ce344","1","4"
"768","444ec05e5a9f38f9a9472c54b39f1371c839683b","1","4"
"769","5d33b2ae213c6fa3533edcb4a95f115c1f6fd875","1","3"
"770","3e00a4fce7b75fbc8fef8225e4768af89330f6d5","1","3"
"771","857b16aebfc75eed58b65608f125f1161254e850","1","3"
"772","cf6b81fd42392063658073afdf2368d5abd9e85d","1","3"
"773","a8ceb1ca39dedd8b8b0ac9a599d0ebf771adca9a","1","4"
"774","a137a819f99635962363fd481caabb2509a5a020","1","3"
"775","79ca7666432a7a17b0dc29a1dfa7185f27b4f216","1","3"
"776","a31f0a4b1b01dbeb059d213e7cea9422a71e4ab2","1","3"
"777","f3f8ab2e1ad8cd911e785a05964649e0eea50d59","1","3"
"778","8d3e1738d087e95e16ee7084a863963b8ceac3b4","1","3"
"779","7ae1eeb763628bc55a02ce7125b293ba800d28da","1","3"
"780","a25c9b5c4f47fd51588617cb51e2676c24ebf82f","1","3"
"781","196ee58bd536d658867954881902f7f925c9883d","1","3"
"782","5adaf3c168505809a7eed872a36d2aa3fc9e8f3f","1","3"
"783","d6e67f41623280f39d0a9e4041154d161573551e","1","3"
"784","52ba434e3dc57072ef93df0d4a6c936f7682e790","1","3"
"785","0eba153728c60a32d809a6e07e20bb82239ac0c4","1","3"
"786","a005e96dda2dfb90569e44099ec4e6bb73c8d7d6","1","3"
"787","73650789729876f016810a8caf59bc9ef85601e1","1","4"
"788","b9cf8810f1fbdbe9ba5179911fd83b27210c398e","1","3"
"789","15441988111c726bdbc8133c93444b8eb86cc0c3","1","3"
"790","b10f185dfbfb4cec950d9af5732c7d497655b3cb","1","3"
"791","5b1a47f0947926b5884e37f6f538fc409f9f60e4","1","3"
"792","af64a3a2ad951a5753c82d7acffc97518b847dcd","1","4"
"793","455435adffd873d98eedc77f428b7d76f94f8bba","1","4"
"794","6e768665320d08815c53f27e706ef2ae1ff5af78","1","4"
"795","602cbba506c32d6aa091701893060708cce0bf12","1","4"
"796","4d79d9b3b66bd381d6654e68fb418d2efad8e922","1","4"
"797","11194653f43ce0d4f65d0051270cd86f2191cbc5","1","4"
"798","e6d319d79e193bd64b5dba7011200e9876cdafa9","1","4"
"799","416686ecceef66829c98bf90d112dea5c1870e7b","1","4"
"800","3b33640041b4a9901aec34900ef2b1eaa1855cf4","1","3"
"801","77b171107ba52daac34ebf3d8c59d7643ecb6408","1","4"
"802","1b70f8caf62df1912f25984b19d879fd8482b1d1","1","3"
"803","8c0dcb1fede52512f2599ae4732372346bb36ba3","1","4"
"804","5d499854bf4b236b2d5fc7078d7fc5343d89dbeb","1","4"
"805","a16b50c961a1272315dcc3340ae369c516e25235","1","4"
"806","c338d9382336ac9b8fbf00cebdfa11c00d608007","1","3"
"807","d7905ed2e948ab752598870cd9ecb96c4536500a","1","3"
"808","fadefb5787678b67d9aba7517784d976d21fcc35","1","3"
"809","604df79e242600ddd02c256f720436943987e766","1","3"
"810","eb3ff7ba85fd2a932a3fd4f8f13a530d59a29223","1","3"
"811","668fae440e79859791183869a8970ea0f71f01de","1","3"
"812","42ed8cc466e52842eb6466f4803141c3dc3ac975","1","3"
"813","250ab1132e5cb26ac9cf1af5c47cbaf98390923a","1","4"
"814","d13cfe2dc9beda8fc4fda6fa6536d87b9ce514a1","1","4"
"815","1f171daa0e689367e89c9440befca14e2f0df9ae","1","3"
"816","538b532bd34ed60da3680d4ce48d5943e4acae97","1","3"
"817","ec6d0ef8ad054d0a8f192ffef9b378c31f0aa250","1","3"
"818","34f2bfb8dedaa339ac2aabe51797a407a936cb8c","1","3"
"819","9319ab137efa9d606e96d1fc0504502bbaec87e6","1","4"
"820","306ec57d9cebaaa8f5b9caa0c6fcfb256702bc77","1","4"
"821","4f45b50b198510bd9a4e2576e8db8cf0d9e11739","1","3"
"822","d3af655f41745b4da67f6f8fa1de1f9f0b523d46","1","3"
"823","1e2fba0e01ffc6bf2c89a33de7e81dd8313d1014","1","3"
"824","490828443fdce214b0408ac1833085873e37805d","1","3"
"825","6100fd2e4d331b2b312a5bd6ebfa19ec52231ff4","1","3"
"826","99012e32b243965e5027ddf5a4609580c4358b90","1","3"
"827","3292e90c89dcac3981944959231e1d9d33b1106d","1","3"
"828","d7a093ba3393f622506ebb559762e0f5cd9c4fa2","1","3"
"829","e318dca510b807495550820643fa5c0938e13acd","1","3"
"830","8c47078a514f8ba32ab0575dc85c1afaf0a5e442","1","3"
"831","b73a0a5ea5e5c67615995c423846e1acb1ebd361","1","3"
"832","b656da2fc6cd639ada6236379087a2581b7a5939","1","3"
"833","f9a4b0100de2e2417296c094caf7c077e5755a0d","1","4"
"834","26b02706201e3dc92b1dff8398795ae78d6753b6","1","4"
"835","5616a27a7c69183350e850b58cd551701db51944","1","3"
"836","5d9f0aa6fab66c4415411bf192e2a6d7a4a29afa","1","3"
"837","1efc2bc4641de1b21267ff917dcc3c2f02c3d2bc","1","3"
"838","07569c41700d15a16f982b0503b417b2454ef547","1","3"
"839","022155399909b8b4c51ec62435972d178a97d0bd","1","3"
"840","06ecfc3c97972a2acc9c4a4f43af4e91c6e9d455","1","3"
"841","de9150cc8fa7c40af37fa501f7d9ac8cb5ffa3dd","1","3"
"842","a754facddf83aa7eb794e338a81664e3a7fb76c4","1","3"
"843","1764b867b80b0e228e2f2b867d761c1e91155673","1","4"
"844","56cfdbf8d9b3b6044d7aa05dfb6b501c24b2f277","1","4"
"845","1b6491f1547ccd796aec387b8622a5c34bda0a81","1","4"
"846","d51fd4815d28c34cd120e781013b016ecba50d1b","1","3"
"847","6a54fdb2e617723ca36a82258ba562fd7fadb29f","1","4"
"848","1f93a3f0f8194715c35869766dec5fc623066d3e","1","4"
"849","98818df9108919df443f5cfd24c01d4cafb3a02d","1","4"
"850","28a55ed9f13e05425f690466fed940daf69bff40","1","3"
"851","3094baf200beb513d98cea3a3ce94605e6760fe2","1","4"
"852","cd982aaba66685a0c878d7c4005d762f5a5a637d","1","3"
"853","020aea727b0cf3f3abf81e2dd07187fe7427e576","1","3"
"854","3e82028a5a3fae3b9e0616fa85278e4a347b63e2","1","4"
"855","68b42835cf6c8818359f56aae06fa0c7d6a850ba","1","3"
"856","68bd67c02af316e711fba98a37d853063e83884a","1","4"
"857","73f1314353a17e4eaaf49f9551a27c03e5e997a8","1","3"
"858","01eee7aa519c9d63afc38f2f61a53f48913c0a28","1","4"
"859","dc24e440fa98f62e232e7929fd075387e2e56e4e","1","4"
"860","27d6b4ca5ab4d4f9d7753d66b2a28c982b47c7e7","1","4"
"861","fde9917fcfe7db02573d9ec1678a07164e0324ff","1","3"
"862","547ed4916761508040f056c6812e047e04e8db3a","1","4"
"863","dda2ee1436c7a444c3f50d00dfabc7214342bd70","1","4"
"864","2a014f7b2629f642fac5ef53fd306992452286fa","1","3"
"865","522696cbfa0b5543fb8812e0ecb0acf7bfffef93","1","4"
"866","932cecfc8b721d63e222e920aba377975c8ae89b","1","4"
"867","4cb2eeee4cfec72a638ba149e5aa5cda725d5c9d","1","4"
"868","878dbc998f4717023cc84f3df313baa1b9df78a7","1","4"
"869","2850670b12cb719ba41d55fe555a60941157d7f1","1","3"
"870","4f432f0b63cb8dd56d4583fe07875482c2b810fa","1","3"
"871","54fd64be23153c0c3a49ca1e16d53e685529a0a7","1","3"
"872","21d33c1c76434c81c613ce1b33457ef78cc9045a","1","3"
"873","dd6566ce54d4960e9ca11336bb3ea5b51483fed1","1","3"
"874","73301adb6c53ff125b56e3a5a99c30fb6cf42e67","1","3"
"875","0d1ea320b6f56915492315e45ff26056a813d1de","1","3"
"876","4eec891825e86ca2ce7731d71125e25b7827c199","1","3"
"877","c4151236bc6bd1df6ced5b16fc56c2cab107114f","1","3"
"878","f59c9cf2af8f69da6af80a80581136b550798691","1","3"
"879","6be2071d2d9aab52ef9fee4cb6b23701b7b5b097","1","3"
"880","ba373f301634dc995473acddb46fd1c8b9257f92","1","3"
"881","eea3d331002f01e4ea6360a4b579340b40af85b2","1","3"
"882","435c6d48fc420b93e41ecdb45b3fba91028d6691","1","3"
"883","a7a6b423cd040e43753343dcff18c58ab8831e8b","1","3"
"884","5d1d1f1fe39ebcb5c03291da803a55ddfec09bd4","1","3"
"885","617ecfd93bcc6582cbb878bf21868887a0691133","1","3"
"886","a8d6477e2244b31088ce3a5809edbc455071c5f3","1","3"
"887","5ce300386927f8e6bef5da4d352994f29bda1b5d","1","3"
"888","0b1b42f4e4d7f3a1ff9ebbf8b82d09d7345ac26c","1","3"
"889","ddcc6395a76013609ab3cbf4d6de669b4372c231","1","3"
"890","ddc5a58f276525b784a5af4e857f90812baa790c","1","3"
"891","3d03b931b66d43fd5dd383c5e0ac23c55b772232","1","4"
"892","f3e973fa4df7af68317e4e239c3c783756de1e75","1","4"
"893","5141440bbd267ca954b19b990b77781b7795bd7b","1","4"
"894","0380a42f7ddaf48ce17eabb67ec18a27cd258f69","1","4"
"895","286bacdf49937d1e8576eff27dfc887824ffdbbb","1","4"
"896","c18170146484594f8c0f2cd983b3abd8c168e986","1","3"
"897","566c24f34e73732f38a88a32203921dde599072f","1","3"
"898","b681793a788a349966d3d3fe181c2b663c134b0d","1","3"
"899","9f261c882fe21b831a860a5009d79b9f6d8b4aae","1","3"
"900","cf2e66bd067aee4901b60c3654fca91b583d1bfa","1","3"
"901","dda715900232b3dd0a77a49b3ee1eb8bed572e6c","1","3"
"902","6a230e5b8f304985a40e36d363e985e3a68c1800","1","4"
"903","5e134973eadda2c76b1fd62a0f93281abf326688","1","4"
"904","4104a0a9006b57debb63f56c0dd21a44809aa380","1","4"
"905","2d6e0869d455c57c9d19da3981d393969741979a","1","3"
"906","afa638cdbf2440d88af3775c0f02b4dc792922b0","1","4"
"907","c715e07a47b498b8a9207dbc853ca4015167b54b","1","4"
"908","6d6c260da3663f1ab1dfee6c9333fcdc278e9b46","1","4"
"909","410feef51cf7e85267741ca08cdd57a509d1e252","1","4"
"910","b9c0329bd182333f0af237e661e88958d7157520","1","4"
"911","c36702e210080b2bc6d59d8f9c0b7307f5926869","1","4"
"912","98704ec81a7629d11a95a744ee47d3baf7c2de6a","1","4"
"913","1b53fbfeffb416c57d09042804d095e3da8294df","1","3"
"914","306c535fb3e7fb5522e9cd2e0f41ba4c9fa8f9ca","1","4"
"915","2059f23d8a30df9089f6a928b4a2bf51d608099f","1","4"
"916","fd64c3d2dc61838c1e5c705426b8165068e12c3e","1","4"
"917","a37397e5a16c682e70ffe77b272577db7391eb41","1","4"
"918","7fec9a1f4b9887897c9c7d0f3f80433fa34f18c0","1","4"
"919","86f7c171a7638aa7c3bab5b14ff9c886dfb2909e","1","4"
"920","8fd1f4b193b5d81b3036726268da39380e2b3b61","1","4"
"921","8d4e5618efa8a2e0a0ef9d5f199f0a644f31604c","1","4"
"922","7cae523e3c8e86688a371da9bae809cb4c244358","1","4"
"923","16a3ce4a071f0a40ccb34de48c3e21830cdfacad","1","4"
"924","bb968c8304e72d90d3d3d11c9fad66122f94dca7","1","4"
"925","6f6f48dbb2a11988a96e1cad59ed4c468ef9ac6c","1","4"
"926","086e9e588e46922198d56faafbc9d25f4a543f47","1","4"
"927","5740ad865d5b9d84b7f8710df2aa44de08069877","1","3"
"928","48197be15f754cefa55eefb8794f01f202d58fa0","1","3"
"929","639006432c658226bd33dc2ae607f121f3dc02bb","1","4"
"930","ef51dbeeb1a5a748deb7ee4f399ef430df443525","1","4"
"931","9a258999556767eb184a9391da92eac5ffa3c2cd","1","3"
"932","43e2e6ad1348718cf6e8d2d55c5d79f80b39fc64","1","3"
"933","8a6ad03232d680d2a21fc9dd1affb7b3170f0f6d","1","3"
"934","429eaf8e8c2620aff1c75a9aecb71ac08f79965e","1","3"
"935","66b6baf0d2134df925d4c079805c199e6c3c92b3","1","3"
"936","e5c18eb2506388373b4bac13886b3d480c8d33a2","1","3"
"937","a2294aa3325e973f016be49a56e7fc824d915943","1","3"
"938","f20208c214d1c212ca2e51aed97d58e119b55f43","1","3"
"939","4502bffbe3f9b4cd3674a56afbda1bb115cec239","1","4"
"940","1cfa190f2efb06f8798984b43dec801e5ff20ad5","1","4"
"941","fcf31350b62ca0efeeea96c8e1b0134edb81c1eb","1","4"
"942","b2f48b41f19398498c7ae41c2059f3685b87ac22","1","4"
"943","86839dc6b789045a13cf28cba008e52c4d835fa4","1","4"
"944","b272f35bed7688427b2bb88904f632ff7cd01d82","1","4"
"945","9e13a356268e1e8bf76ac29c42a441a0f49108be","1","4"
"946","fe5f41aa8332700d3f98422cb7d986fc47289bcd","1","4"
"947","f8163489641869a49fbff415a820a0912d5abdd6","1","3"
"948","a69cfb1378ffd5691aa62ab3fe6c51d50321bd9b","1","3"
"949","fd30800c44df1bb30484a59007cec024e2d8660b","1","3"
"950","7aafe0f8284711a0dfc419edba8bd2cdce55e044","1","3"
"951","88ba8a75b1cb11583d46225317edb5f62b4ecaaf","1","4"
"952","329f39673063c425cd93c9abe7327bb6a40c929c","2","3"
"953","4d8004fede639376d9d229d35436041fb54261e7","1","4"
"954","b2ecd44a7ee13d6c98171c63d056bdef481d6e0f","1","4"
"955","24749f1b18508de151e892dbb756c721bec29f1b","1","4"
"956","7d21ffe9f9f61c9e3115add26a250b95084b131d","1","4"
"957","39797ac6914d042051d6f4504edb6e01998bccf3","1","4"
"958","371286a34a809fbe1f23118e80db105207c824c7","1","4"
"959","d4db09f8c0160195bdc296a73ead5d8f1b022ba7","1","4"
"960","b73b051e683f1f27d299b15d79e99ce74bbd6054","1","4"
"961","41986445fb89ff77c101fcdd6daccb945160e8a9","1","4"
"962","1d841941a848bfd17e9a830413415cca21ff76f8","1","4"
"963","b20fcffcbef3d8764a07e25c08a366cc85ad7afa","1","4"
"964","1c297d70993014a4713f0fa6584a725c480e1cfd","1","4"
"965","c9a6f650c23f39dd3303a19a06edc45d9e97a4d4","1","4"
"966","cbb0b8a2970a2094320915934113e4c06a559222","1","4"
"967","0db27d5b323e8476a989727dbd5cd99444cce56c","1","4"
"968","acc1ae6a757cf426e5917dfdd910c746442b2bc2","1","4"
"969","ea30b703865bf043bea2fc4f7c689f5a13d59c0f","1","4"
"970","bf8e4565562dcf7a4a9d3087fbe5206269e19a90","1","4"
"971","cea872d4e9317601eed60f7fa0a9a831446f41be","1","4"
"972","b1ccc153d924a971d2f1303023b969f8c975b238","1","4"
"973","0c43a37f000298af17a11b6fe6e78dbb35e27ee8","1","4"
"974","e1735d2760a7e66d0459968d066cfafb0a9ba1cf","1","4"
"975","718255a9201193ca7bc3e43fa191a09949bc482e","1","4"
"976","1fedcd5b53649ba1f404429d6fa3c9cc6c296047","1","4"
"977","2c78f911e495518b65241ee0904d37d0f854b8b7","1","4"
"978","1094762bf9c3ae339500a3a4500d742367c33e63","1","4"
"979","214ee7454548b884c591991b1faea770d1478cec","1","4"
"980","db16c1dfd0cf41a6d6e7f105ef0b121f5bec0642","1","4"
"981","72b1f592885abc8c02c6902aa0eb6499bacae7f2","1","4"
"982","8b57097c6dc39f267bcbafb671ac977872380a8f","1","4"
"983","6946c34e9f06726b46c5fb1bf12e1f186a1a8a19","1","4"
"984","ab99b91a06732022045b38ff89b902f4645b726d","1","4"
"985","be8f8327b3c2d36e89420d62fb8ca530ba726cf3","1","4"
"986","55e1664d40c87047dc1e9f322726aeb1a77ea344","1","4"
"987","861a92eab8740cfc0f83ac4d7ade9a2ab04a8b9b","1","4"
"988","c5e7a0d0f137cc5f0ccf6116541c16d4a7727598","1","4"
"989","f6915d45a61593f95bf779558a32f807d583932c","1","4"
"990","ecb39a70f157a5d08a0fb90d0d3319b1c9a71ceb","1","4"
"991","7a21ae00d18967b9539d5febb9a04dabefb1c8de","1","4"
"992","ee0678c7f8bed531a8514166c7254a2190f3c4a9","1","4"
"993","a7918f8ef91b82b5b8fd91c91b36378a6c99caad","1","4"
"994","1a19f3ddaca0d2ab2c388d70d03d7ebd63590879","1","4"
"995","bcbd22bf3527fb700b4dda06207b22638db5a16d","1","4"
"996","5ba093862560aa3ca2cff002e2e38e1e37753670","1","4"
"997","0c669f429b6cf3fa1719dbb35b71b647cd241ab3","1","4"
"998","deba55833b8752c5275cb37ac3a1043583790963","1","4"
"999","9eecaf890d06df8d94c73227498a572f4d4cc96d","1","4"
"1000","660d8c42ee8876847209e57ffa2c200ceefbbbbd","1","4"
"1001","9da324e12ff12dec97490197063ff35f6935ca93","1","4"
"1002","c5e7c5b92b55e5f9854e411b663944f171384b4d","1","4"
"1003","d68cd231a8d365a4ec3b7f873cbbf36d59951630","1","4"
"1004","6cb8e5def2d037987d64463acedff9d3aadb55b1","1","4"
"1005","673bbb773507a235bcdb3d55feee070f76dc3de5","1","4"
"1006","f0f7b6c1a536df814fa879f09303389de1edde67","1","4"
"1007","188e2f92a4b766afd4184ffdfb26d4b3d88bfa1a","1","4"
"1008","1d9d11e87fba78bbbd9bc2e17dea16050e89fab8","1","4"
"1009","9b6b33d10687f3640a0ce7170c35b3482a82b922","1","4"
"1010","f9cf61d75e49305e41e06736f1dd75f4c7c2abfa","1","4"
"1011","b88a81e80d6e731abee655a31a253deed803e48d","1","4"
"1012","9f761d8f3202a5342fde7d9042aea8a4ce3f68b2","1","4"
"1013","f5455a01fbfd6870b70b146d722a7079dc84e2e6","1","4"
"1014","fe3fa6ccd6796263b1f87a3759f62886d8d746c3","1","4"
"1015","1f6237bb51d5ac1d48bddcb898b9dc348d23b456","1","4"
"1016","92b6a0aa112e10dc7059e40940ef7af6d696f308","1","4"
"1017","0cf4a4ef91a7bad3256347c412a42f43fa71a744","1","4"
"1018","7ca5f84fcb77833e52a619df4d0ebad509255cce","1","4"
"1019","ef68dd921633b702d9e5d235b5a36d2c50c35070","1","4"
"1020","505b799182a18e218b0a438a0cc6d777c7cfae1f","1","4"
"1021","d84ac473bc61e8cd7535eb63a3acf5fc11e7bf7a","1","4"
"1022","7929a1331ba2b49145e09f5d9c1e79c81e73577c","1","4"
"1023","e88280045284d42ab17d57707e4f5234fb57e8d1","1","4"
"1024","68672ced95fd44871d9bfa95972d7be77bfaa602","1","4"
"1025","cbafa76bd3d56e5788a18bb6b8e61072b4fb6f81","1","4"
"1026","b5745ad047360715d311af971125a8f7fc60ac84","1","4"
"1027","f597bb120ff8fafc5d5df48e92fb01cb0eea0aa3","1","4"
"1028","d9df90fd2fae8801b596d020b267774aef520bc5","1","4"
"1029","ac2143ddb9dc9e68cf1ca46a45fbfc8234983adc","1","4"
"1030","81074357185251ee61976b7f05aac4f6e61c2231","1","4"
"1031","47a8b19c245dc327c61ce70ed68a4f9341991787","1","4"
"1032","a306adbc7b940d9aa99555b5f5cedb786840929f","1","4"
"1033","ac90eb33a426022cc8e093a47db6ae137b9d2049","2","3"
"1034","8ad5816f35c610b6618116e559bba74b5ebdee6d","2","3"
"1035","c363cb347678ab60263da5620da058d1ec6a1aa5","2","3"
"1036","ce3229982113212ca2237c02cabc5a4eb107d33a","2","3"
"1037","036125115325016c8ba54b09538a819806553496","2","3"
"1038","83296ff52fb5528adddca3144da1652461db4d99","2","3"
"1039","b2541aedb91cbc3ffd731fadb195d537a6deea93","1","3"
"1040","dac387b8642a7719ae0894eef15a16e3112032b4","1","3"
"1041","f0b4d3ffc69db9059ebca3aebd945f19e453eb67","1","3"
"1042","1893da8caa7c9094e93992f0498210c78412df18","1","3"
"1043","bc55c3544afbcf8ad9a25c93045d104ca1f5dd74","1","3"
"1044","96204642c34848685a79adfccdc072437be47e69","1","3"
"1045","5808868a735ff13069b3de54f8206d4b80bc360a","1","3"
"1046","4d198403d482c8794ba1f5e54050794935e8c4f3","1","3"
"1047","106a76267a8b54d4753f971f658ab47018b71ae3","1","3"
"1048","21a2f5b60e6613f648143a53bb2d9abfb11680b0","1","3"
"1049","994feec490580eeb8a182effa6a8dbcd5b9a6c81","1","3"
"1050","337743ffa5ff9fc560f1e46f86044e2c90edb3d9","1","3"
"1051","eb041c8a486b6cd3031752ff6b2d048320b1c330","1","3"
"1052","18656bb1572c0ba1488b639b9b89b634f6e1b5d1","1","3"
"1053","d26f185910abb270177c5ba90437657e1ca0d736","1","3"
"1054","475e4125f8ff406c541378540b0ca2950f99c3e3","1","3"
"1055","633cd5d0b3003a74ef8974d9e9b8e9f0c3fc6d7c","1","3"
"1056","0e3821bb68f96efa20746c406e939a0d4d813b71","1","3"
"1057","dc65d15d3419b14c7a03ef5872e7467068b02909","1","3"
"1058","3630420b9de6194c38afbb00fffd00035498733c","1","3"
"1059","48ac92cbbff8aee63952b3c077a56b08fd833f73","1","3"
"1060","35db4b9544fcb6c0d6ccb641cb824d5c37c3384f","1","3"
"1061","b0a4c691b129b16a73e7723c9705afcb3dddec6f","1","3"
"1062","d6db860fba53331eeca503c3d51105f18a7faef2","1","3"
"1063","eb4f44bdc087477153f79ca216608f91c7da9998","1","3"
"1064","82e17b6b55d09f2d716be52322ee1356d399b784","1","3"
"1065","e02c524574051154639be10e774053324f8e9df4","1","3"
"1066","5a45ea80c5c4f323d322a4c687c84c7e612c6327","1","3"
"1067","afc31159dc99b03670b291c49e8939a6fcd04750","1","3"
"1068","d8c2a0a280ca7b9a91beb24c5601477fa05be5e0","1","3"
"1069","a4d714d7f92fdbdbbf9b4c88825d358e98e4cb31","1","3"
"1070","bb84322093c3455e924c792abd9c96815a2ae1e1","1","3"
"1071","9613ccf05265451d9b69d211f40fd0240f657037","1","3"
"1072","ebe632b359fa3cce85a6a3ebd047fdaca303ca37","1","3"
"1073","1727dfa20917f52b5a15753f9b5c44b3ef721224","1","3"
"1074","133cd4309041ac603335e9ee73da8e19c0659c92","1","3"
"1075","f028bf92a031bd76a2a0533e773f97243433d3ea","1","3"
"1076","98cb697bbedb073e32987236a6260956d3d4f01b","1","3"
"1077","cb82960a4209a7c8cf4aa656b6f779fe6c5b29c9","1","3"
"1078","8d32f45fbed5fda52a83d6d35ce0fb7244e452b1","1","3"
"1079","34e3f4d6ec46a43908fff0551caf0e420ff4506d","1","3"
"1080","9fae49ac20a50d049adae499a78546e280692cd5","1","3"
"1081","c66635a8733490913e226a971fc66e10942440de","1","3"
"1082","08ce9b40a9d13d3d4f054802b24c33c15b5db91c","1","3"
"1083","c53b260a6c57e10ae2ab65874f128a989fb37acf","2","3"
"1084","728bf76527e7d1cfde8cc084d3044057a43e24e0","1","3"
"1085","03090fa82b59aae146c1b11429df8091c2cb5e0d","1","3"
"1086","4ccc52e120a00c09d66e49e7658bdb973e5190d5","1","3"
"1087","19b163295e288efe2a9a115c6e8c69fc4eb9c8ae","1","3"
"1088","f7c9f587bfb292ed1550b055f85244273e453a1a","1","3"
"1089","3bada0bf219e9656738f5e1b84b51644981a7315","1","3"
"1090","df7b7c85606a6cdf711a71cd893c7120c1e01408","1","3"
"1091","dc7c504f29ff07ea8c7de371d1b6d4c5873f15ad","1","3"
"1092","6a2b1ea6ee3121a275050c92342f3f68789c6fee","1","3"
"1093","4eb8c969f17073d68b94eefe428415fa0c295b4d","1","3"
"1094","95e1b55eeff0efc7e19b4da2da10f51a2f346855","1","3"
"1095","692af66c9ca59395c9a363a76da0533366f96465","2","3"
"1096","3ead181601b5fd88edf5361038933a28fefc748e","2","3"
"1097","946fb6e5b4ede36afbb2f8ce4cac1d5433da5fc0","2","3"
"1098","7c3da3016f783ea19c8b93f3554038b1e5ed3da5","2","3"
"1099","a2fa78d2b62be45ae950e345dea0acea780724d5","2","3"
"1100","c7fcc6e16d9d94334b17dfe70413b78c25c0b277","1","3"
"1101","648eac4f312c308c5edc22a571bb46943692cb85","1","3"
"1102","9df15a444118fb254a561bcf03590550c4518078","1","3"
"1103","122f5463048a8dd37a8597cf0204ccbe30bccbcc","1","3"
"1104","d540b3ecbd0fdac784d16127625306ee35b69a59","1","3"
"1105","e28faeaea18aecffe9f8ecd7fed9c2849f7c69c1","1","3"
"1106","37dbfb6de6a4d075e154e19b0af2239149fe766d","1","3"
"1107","ba2433341d743887fe0bfb42918ac5ecd1ed925a","1","3"
"1108","f7ac0a6ef9e82090b231f592c1a1398fb4d9d20b","1","3"
"1109","010902fff416a21ae3c7299ff9264e992b2948fa","1","3"
"1110","6a48fff7fcb3ee8a8c5025a05c369c583cd9b89e","1","3"
"1111","39479ad1efdd914705b42a5587a3665a728daf2d","1","3"
"1112","6dc1a0b4fd562442d95ae013cb60a2266f14f192","1","3"
"1113","292dff851a5a734d2e44959b66bdc4fc59680ac3","1","3"
"1114","d18be19abb1e7aa030b26d5547391220c1d919bc","1","3"
"1115","d55e9e47a9278c45e1b0623591bd49cf1c85b1b6","1","3"
"1116","13f41c5f99c6e8fe6d79b4fad997b49a63aaad2f","1","3"
"1117","4e163494566150fea6a42b83c2717a44d5bef885","1","3"
"1118","4677d5744b2c2218588c2a92bbbe56a86d268f59","1","3"
"1119","91bc7ac69dd33485ac5c4441e9635dc11ce87b1f","1","3"
"1120","bb7acf2b6085024e8f324531ba7fde1f9e557120","1","3"
"1121","8c670b5d9d9431eceb60ddc02aa07c42b15da22d","1","3"
"1122","f53476eabc8d51b1870a986d17871ce9b99c718d","1","3"
"1123","379c743dcb8552c7272e656aaa6c46197be7a61d","1","3"
"1124","456b98a42b3a8cc55bfb33ea44cc6b46602115b9","1","3"
"1125","9f70aef635d9366fa2fb5ee68bb7ae6e98454e77","1","3"
"1126","abdab922afcd77bfbaf180f4f231df6ba920e880","1","3"
"1127","7707cc470f728bdae857fab49786b1577140e45b","1","3"
"1128","e7c9c6b7cd3d16bccf0d7697a8768ff123a2fd9c","1","3"
"1129","669b4eafaded479fd499ac3ee5f09e24cc89d595","1","3"
"1130","f5f6649a3f342e439c3b975192943edb3221c97a","1","3"
"1131","c64499ee9de6d3908355a4b305965040bc75efd2","1","3"
"1132","bcc195a3b77c910703bd33bb1fdad2a267733f82","1","3"
"1133","76ea4cddb51aae34d338647e85e29e9f9f714b91","1","3"
"1134","d3560c1db7952732f0d7112fc7f8303852927bfa","1","3"
"1135","84170e2b0f0020fe7d218758d832b2b78bf05edf","1","3"
"1136","09168d60ea878aab4fe3c3592c803ee451c3c044","1","3"
"1137","ec0dd22acbb92f7c9ecd97f6d28e6d54ab17df32","1","3"
"1138","487c5f7eee03f7fa83c8d377b222f5f53fd93b61","1","3"
"1139","11954437c693d7d7c3634eda1a02adef8fe46763","1","3"
"1140","8f451dddc66572ad183001893ee0b9f2e0f18a2f","1","3"
"1141","ecf263314c0bd2684ec70381ec42744a49e09580","1","3"
"1142","d054827e9e1f0e7039b53c800a0c0c2cee5ba96f","1","3"
"1143","7112a350d1e18dbd70bb7bcf0c3481b1cd3c5588","1","3"
"1144","303e8ff87367c8cdaaa63141bd7ea3e1efb65da5","1","3"
"1145","6056da6ffbac0afac6796ede4b73bbadc6075c66","1","3"
"1146","0055716f528c691ea1d4a5f01012356b7ff50725","1","3"
"1147","b9e7d3eaa6244b3e0849f32052a66260287e1b70","1","3"
"1148","0e812623f8124779e4d3d8ff727bb66009963f5d","1","3"
"1149","da9356ec764c0ebeac7b387ba27074bd698b12df","1","3"
"1150","35d7fc5945ce2affbe6bf73cb984088e84dc1df9","1","3"
"1151","7463741d8c1ff9d9b2c123b79767453fae19b4f4","1","3"
"1152","a39ca18a5c0e39efc3f6dca2c705ecc77dc7198d","1","3"
"1153","5b29976d915658ac861f87e0325f1fdc3be68b53","1","3"
"1154","876bac7df960ad8535a01c1c64228ccc806d6fe2","1","3"
"1155","c60be23b7705b9158a54e55e2b7cd7ad02fa1a8f","1","3"
"1156","6c8c4c0fc88d1d17f355213db991f0f6a54a6c4a","1","3"
"1157","142935425d0a34c7a713fcbb7d3ce91610b1d181","1","3"
"1158","589565d2ca9719ac00a3522443a6db0f157347ef","1","3"
"1159","8080ff40cd28890456d2bf6f0200c312c7cf02de","1","3"
"1160","54501237b3a1ec0ecd21d0ce2c674d0c03d38f5b","1","3"
"1161","9dd05eeacf8c8fe8954362dae6cba99bff84d635","1","3"
"1162","5d96ae7464b279a2de31360f69c2e965b05391ea","1","3"
"1163","f3dd2528371c1b454ec61a29d3eedc0b3a313538","1","3"
"1164","819a3c1739f4ca06a9dd4626f4515db9ec735271","1","3"
"1165","9a8a603fb53abaf6af2960df4b5b3311ceb0895b","1","3"
"1166","593ed2d1e9541e846e8688f730929863fbff1e7f","1","3"
"1167","35737e686649c2c3aed8ac26f185a659b56dc5d2","1","3"
"1168","fbad1502c38025c47cf2e8db9dad1233c824b883","1","3"
"1169","96bf95a8b3bc8bfc357eac190368d4e87f3c806a","1","3"
"1170","f98f83c2b557b5d9f7a241eea3703028717be08c","1","3"
"1171","d475edd56485c4d7f5d2a23fde77492c93ee63f8","1","3"
"1172","fdbe368dc3695b40f6f1381333a285e4897b91e1","1","3"
"1173","e532ffed7f2268d42a653154de920ec57ed2c605","1","3"
"1174","60163e21340d46386ad93f44f3c852b6a7a31df4","1","3"
"1175","6679eabd806239ed45d234bf9c28608c250f421c","1","3"
"1176","aa68611f6454a25fa36a6f8abccc32cb17155840","1","3"
"1177","75611615dcb32b5d33cb4de069f31e7c8171f268","1","3"
"1178","f6edc524c5ae45c30a545f50ce1d96e2786189e9","1","3"
"1179","639308661bb8f238db2f4bfc3835cdb90ad3feb6","1","3"
"1180","da0a32e152d95043bf98b12baa8f54f89577b6e4","1","3"
"1181","cf3ccbaffcab0fd401656cfad15575176301671f","1","3"
"1182","e2ff6bc127b1ead78d0d7e9e43825f2899908e84","1","3"
"1183","880ed79bfe2d4e597fe2780998713f0f0c8743b4","1","3"
"1184","7af8aa7fe44a1e14cbdd8a1f04b8f76bc67feb5b","1","3"
"1185","b69d6cac728bab70050066857202f4f3cc3e76aa","1","3"
"1186","6216a8a9794fce69a1426363a05db0b7f413e8b2","1","3"
"1187","dde718ed32dee60f9717a6ef1a7051a5dd1148e3","1","3"
"1188","c337e52761612a6a348852ece13b2bc7b093146d","1","3"
"1189","e5fc22ec2d10e73086e39d5bf827bd7646d464e9","1","3"
"1190","80bfe284c581106c3c3e886d6feea98c65926eb4","1","3"
"1191","1ea0182299d31417588c5c5e84d6955c7b5b1e37","1","3"
"1192","6f7e0597c7dc7e3ca6047b85e7a78582b8d49dd8","1","3"
"1193","574376a99bc7dd0c37aa0f8d3c8aa2d4ca8ed567","1","3"
"1194","e28b8bc4d500a48a7ebb32df04fe3d5b6acc1d73","1","3"
"1195","aa1d582e920d04a6a556f10046abeff68c02a49d","1","3"
"1196","11f83d2d34777179e089c1d6fbdc976996fb3386","1","3"
"1197","56b1302ae4929f8632f3d875a808d78c5f51c24b","1","3"
"1198","11fdfac1593a937a12828900a20fffed8156febd","1","3"
"1199","6e329118a6906740e6733b81ecb5c460518eaf0b","1","3"
"1200","ab62c288dba57f490633dfb76c5b8b6ea1bcc5bb","1","3"
"1201","4b2d5db75846b33a7ce0eb3e8bd76d8e640c99e8","1","3"
"1202","5db35e251c3087b57304bc63b6e0d72388519d65","1","3"
"1203","af50951af845151ac520268e18c92bf011a6f5db","1","3"
"1204","3c8fa0cc9d92b3a454d802755a1d26d35cadb841","1","3"
"1205","098b3bb2f0d3dca8a3a62434f7a0607a761a9c45","1","3"
"1206","17f2d9b5b56a48690e0591eb0e840260d463647b","1","3"
"1207","365c9f5d98a95c99a2cc4cc92b87082a462e45e2","1","3"
"1208","6f129b0be1038b225e900f81b5e956b64dc1d5f5","1","3"
"1209","ddc2661f5b2b8d5748e29ddeffbaa8f2c36a86d0","1","3"
"1210","d23c242bee46641efb23f3e8b9a3e357fcb99204","1","3"
"1211","6888130ceba48d02c344c40b133685b38965f1f4","1","3"
"1212","ccbc74f6eb289fb781aa24ede702db7c96522d95","1","3"
"1213","538361e07b27288de16e67d142a7e9b3783fa4f2","1","3"
"1214","309e982ea155f84ae76d2f5a559a515a6add0329","1","3"
"1215","6f1cac0adb06f7d1cd13d00d4265848e1c59cadf","1","3"
"1216","45095a81f8bb49128b040a68fb516012b277fdf9","1","3"
"1217","aa6bceda232cfd3602827afa4b4e0d16c5febc9f","1","3"
"1218","037e8dd7294cb087140a90cba3e52a8748a8efc8","1","3"
"1219","75e8d3bce4377a1125ec48722981b74e244bf795","1","3"
"1220","45161f753a66eca4994a1c57e453786537ad654d","1","3"
"1221","3f57071935d1fcaabdc3f1e85a030dffc1335c59","1","3"
"1222","7f0b7119c72e60f73af7961ba1018a826fa7d0fc","1","3"
"1223","fdccdf33d680a18db0dc1f01b5f48899d77400f2","1","3"
"1224","598846c116e3db0951da4f73de003defad725a4e","1","3"
"1225","c5b7f7cf036d64cd5a7fd7080b838ce31a8339da","1","3"
"1226","379b9307d4c21a2551130bc0762b985d8b8fcb34","1","3"
"1227","5003415ec1dd8fa4cfb23379ecb498f39bb234e8","1","3"
"1228","33d4e8ccd648c0134397f9cf5aaf6cefe399a6f8","1","3"
"1229","b54a4d6fbee8b9acd58cb2605677a74ce839ec47","1","3"
"1230","18960fb667f1f3870ed794665fd30101bf9c1cf7","1","3"
"1231","30703349749e0f8bc57396114ad1f50b5b14e727","1","3"
"1232","ab85124544ca779bed0ab2091894b64f21e018bb","1","3"
"1233","cf6d3aa686f918373713217630d218446b028ccc","1","3"
"1234","f135b964579f1834d9824d10544a0a8231042d21","1","3"
"1235","48137791d8b1addd82c12297a73decc536eb7fe9","1","3"
"1236","7c1d805cde5df9187ab938b354addd3ea25ba5dd","1","3"
"1237","63eb3734c8cdfa3a5df819229093acc0ad28acf2","1","3"
"1238","f0941fa69ce590da125bb2c9881c64eb32a70009","1","3"
"1239","f15c5152fab75f618c5e35b623f336778bf88c18","1","3"
"1240","8c81c3ef010366c8c2479c5a21f24e60061f52af","1","3"
"1241","334af971a2f74a38cbcf71cfce03bab04d00b9bc","1","3"
"1242","24732116d4a218c55eed83260d480ec9ba8fd63b","1","3"
"1243","f560902b5a1dc717282bb56f0ffa83061f4a6270","1","3"
"1244","9d2033491e0811ebaad2202e11d94b047ff64be3","1","3"
"1245","de24b1b2804371051d347ccca879da37cac0e32b","1","3"
"1246","b8ea369787046affc767007f4eb4cf3a13a4ffa1","1","3"
"1247","32c1ba6703494b55c8de7e314af6ea83b054b691","1","3"
"1248","fd1a8e1344ab5432dbf0d8a9ef87dc5104a3c02d","1","3"
"1249","404434e1158d098e89afd43cac05db900507a2e9","1","3"
"1250","83a43c31779f23aaaafbd14cdd4f91685db36f47","1","3"
"1251","579019079525f7a0bd355e29827a03c091c51c89","1","3"
"1252","8f333d6e647c5bbedf7cbe2813ea2cf404644e8c","1","3"
"1253","2b81dbec91df1a12a124800b4c8c473fcf00fa56","1","3"
"1254","02070ddfec3fab31a4796eac411cc1fba538348c","1","3"
"1255","97d4541dbf852f7166cd925a7f4f107c4ba72ac9","1","3"
"1256","9810b40b4972581d480268450ca8caea865edb88","1","3"
"1257","5b3104d1c621f6a7552c4f6ba6082354ad246515","1","3"
"1258","928619b768b55379dedf106ba7f9076b7be2b986","1","3"
"1259","a0376da7e3addf7adb89682a8050a021981069a7","1","3"
"1260","7037ecfea065a5fcf452b1f5ac6d08c13dff598c","1","3"
"1261","e4c6782031ae9011ed9a74c2394ac85e86de4325","1","3"
"1262","0a8e356e3ed4534351c7a9b18340d260c3d8fa33","1","3"
"1263","0eabaab6a2adf59cd1fce0a2960c0c837280521d","1","3"
"1264","bd11aab9a72a35937705bd9969372932a031904d","1","3"
"1265","a636ce199ef481e896655bc88758952d5ad74802","1","3"
"1266","f9bcd2b5bd9006a2e9188fb7dc91538c6e99b0dc","1","3"
"1267","a9bcb10ec05edbf6f054ae91722c9cb916549813","1","3"
"1268","29faa759865d8cd1179b23d1feb30052a5f17d3d","1","3"
"1269","a63dca9a78d62fbd5aa32d08ab342e8098102463","1","3"
"1270","fab8dbd68613a9fdb397301dba0673c1cbc6a3a9","1","3"
"1271","b60475abb12a88894e82f432de492fd3f787bbb0","1","3"
"1272","cddc4262a296c4d047c4ad83bc1f39853f2af5fb","1","3"
"1273","a7e8a26c9259e227ab40f1bc777a0c29b9fa93a9","1","3"
"1274","7926f3d65cb8cd07c752da1ee9f17c475e01f463","1","3"
"1275","9061e64026315233cdc36db6183845b3d7c5c13b","1","3"
"1276","1f678c848f79290a6298cc218deb8b4da181e89b","1","3"
"1277","d4f7f693402e0fefde4a79e75228996bacd707e1","1","3"
"1278","8ca81a1c66aa279c7ef87915af97fc652a7d4739","1","3"
"1279","0c41a3eef325ba1a672672284219623a7dc9ca11","1","3"
"1280","29487bb07758c87b8cc7dba31bda8dc06a2428d8","1","3"
"1281","142e275419de1eb7a5a532b6a14ac15875d47a8c","1","3"
"1282","db92dcb8318b267bcaa6804448c781910771ea02","1","3"
"1283","ee960fd1d6ee2baa64e779381c1f55786fa4b007","1","3"
"1284","88d4329955f9c5314ae548c0734198c585244cac","1","3"
"1285","1ec4fb628711195c9a5c73d7e2097cb7856ab33d","1","3"
"1286","158612b2ca47fc516c7f6382edcc77c5bcbda9d4","1","3"
"1287","c195b5fe5f14ab7e23b85655d39637312016d3bc","1","3"
"1288","ae640477f25d4009f5fee77e4a149950d5bd2834","1","3"
"1289","ce5337db78f72e74a41c3be39dd6e3f55d809dc2","1","3"
"1290","86f0572cd472e6b9262e171a3c3974c78cf3d9bb","1","3"
"1291","5d0e29603cea476b97fb8cc1b6364841df5b9f22","1","3"
"1292","0db144bafe9142da395e8c0a58ecb4dd4a5cb346","1","3"
"1293","725e85414857db09a12999cba600c288e1c3942c","1","3"
"1294","58dbfeead497efedb79bdd7c7edcd02fff76196d","1","3"
"1295","9a6b36d2f22e2bb45ac860098b6a065e14a253ea","1","3"
"1296","e4d78e0ee35dc3d78c446a0916d603f8666ed6dc","1","3"
"1297","228799a3bc4e53dcaacab4ad84362247a591ab08","1","3"
"1298","af43628b4a08f2e29680bacadeccdebcb61c1c60","1","3"
"1299","1b2e4a9c2ce3196d801ffb8ce1a1fbc6fb769bf0","1","3"
"1300","70341187adf8c0c6cd00b19d0f42193f074d5440","1","3"
"1301","812d72660b24ad47e48c26202264487b5532a28a","1","3"
"1302","f1b34f0c89bb99dfea17f89b5d2d03784d641eb7","1","3"
"1303","63410a5d71c04b6057f92686955658ee2999cc1b","1","3"
"1304","007985b23b0f1d42b0894f292c2db4249ec2983c","1","3"
"1305","f33516db6c689a797dde4389ebde4979d0d5a8a3","1","3"
"1306","e7fa30d6696096259f1c8ef3d02568f8ae840823","1","3"
"1307","bd248b80272b8036d92b2792b4186d0074131753","1","3"
"1308","2dd4cd00f811186e57ddf89ab7e3a2e44e0e5776","1","3"
"1309","e0e9ddae31e086acecb9d8015db753bad5632677","1","3"
"1310","92ad7683d428a0c2b1e2010d1172be0528cc260e","1","3"
"1311","df35c3f7da64b768a5b5aaeddd649fe1b8a18200","1","3"
"1312","d58619680bd6dd072cc03db5c49a0a1cb7cd3401","1","3"
"1313","be5e2e97b20955f16f0cd083afc57a80bfd2b1fb","1","3"
"1314","3564c6ced206102e768fcd5f101b7fe89ee3176d","1","3"
"1315","f9abaabd8045402349eb9c1e7e62fcec42c89edc","1","3"
"1316","a8397ee34372d1f82ff441e0f8175424537a2392","1","3"
"1317","19ede1af08bf4c350c00cba6b7927889cd88f19d","1","3"
"1318","9cd2c7e8dcc6ff04d46a1ee862c64154545ccabc","1","3"
"1319","eace971b33745050223171733b295cea45496206","1","3"
"1320","721cc4fd757f1236b1aceef26ffeb383698aa438","1","3"
"1321","7d5321940c1cf608baef48a2c928d2bc4e345c69","1","3"
"1322","c3af824169daed68b1ea1ad060eb8721276f9bb1","1","3"
"1323","e3694a2ee5c2333d20bc177a4c5b7533fe8eefc0","1","3"
"1324","ce5b20e35d1f683a436a311db862e1db04396d5f","1","3"
"1325","2989e22a925d8b28f345ae9fd97b454f599f4c76","1","3"
"1326","f16133908f1c6405aef9ed0188178fa2439956e9","1","3"
"1327","52eaa09c869a0181043c417eccc4545b24300fc5","1","3"
"1328","e4f39d88abf92c2964e9a79feea221d2731d9bcb","1","3"
"1329","30863d03777e300851216d9cb4a5d184d3816cf2","1","3"
"1330","06841fcefff381cf8c4d1bab1cf5a931eeef5934","1","3"
"1331","946ec5e5418e2e0ee4e6220762a6541147b4032e","1","3"
"1332","e9bac1925553c3880407a027191c4ea59d900b88","1","3"
"1333","1b6eecd85a15f86e7b635429f55e30af95455fc7","1","3"
"1334","79b3e72ff2baa6e06f01279a2d8b92e6e01826d3","1","3"
"1335","5f618c020afabbe88c6d540324229a893e48a5e6","1","3"
"1336","a36e2928943e9d36b8b0509953799edf544a22af","1","3"
"1337","49b5f71a9aeff2fcdd9002e09d7ae473f890251f","1","3"
"1338","46a3605c5c0011114801c4404cb41cd1d6c77e65","1","3"
"1339","e6d3790459a5d459801199c7754bb30a59b74436","1","3"
"1340","3b6b3e88a70ef42298358d1e2d0816388d8cde43","1","3"
"1341","d41c582404d67f8eaf70e6e3a85baa93351690ee","1","3"
"1342","f2fec82cf7d618da8c591945383aa02a516db549","1","3"
"1343","c0ab65071e6468bbced890702615fb3da5ae6a1a","1","3"
"1344","ce9505079db30561f5eaf162e72a56e56b8d50cb","1","3"
"1345","94adcd6afaf9f831d4329b2fb4b569800bd07106","1","3"
"1346","810cffb2358fb2539a82f2acfd3c3d9f070454b1","1","3"
"1347","413732aee8134cb0a41ef0d6d4450f05a64a2e35","1","3"
"1348","e39306c714934470b6aabb7cda420851a1b3114a","1","3"
"1349","2c6d4fcee8573281ac7a9e2ae2f5d52167766b6d","1","3"
"1350","5f454042c108d75d53b933d3bca1392fc9eac1c5","1","3"
"1351","9dd3a4ea84cdbeb80f56dbc594f8d636673bdff9","1","3"
"1352","002b11488b7021dd11e7e35e1e60f985089a0855","1","3"
"1353","cefbb062915e0598bc7bad0fc413a9fea5ae507a","1","3"
"1354","d8592ba3bb9032a6f15af5d14c4e14421c28e290","1","3"
"1355","91e9730f9dee00ec79a5df389c1d5edcd7a99018","1","3"
"1356","486ecea93c123440335da1b9ea6e497951d4cc56","1","3"
"1357","9224f9bff403f9ec55f34aef4c790588b3ebb84c","1","3"
"1358","9cc077e534c5bcd4c4f762aa9e4570dc0cfdc03a","1","3"
"1359","51e1e1fa7ef7732d38197154486afc82b8932d4a","1","3"
"1360","ad91fc868d32dd9c8f406ad7e28dac6770902d16","1","3"
"1361","464081818b7f5031c130de53886bd651b54eda06","1","3"
"1362","2744fd39df9a31d2435a6d9896bceb43cb076dd7","1","3"
"1363","237930bdf92b4c187c5b6b55df4aa2f3ce43f064","1","3"
"1364","ef3549946dc183be4835ba896320757b11103d6d","1","3"
"1365","5ec9641517e0cf6c9003394fa7740f5fd06e0574","1","3"
"1366","a8cb85866b31ecc608d6d63c3f3115ea223d6480","1","3"
"1367","855e2bda8373fa4fb531b2955ee33fed05520863","1","3"
"1368","370542788b59bd69fe9e20cac079a2b70ce7dbcd","1","3"
"1369","611c7335e1101befb59cfa09c68066cebaf1b257","1","3"
"1370","7cfbbef46fcce27bbcc2f3ef8312d81547892cc6","1","3"
"1371","00903ae254859ecf31b2e8ffa3db8537014db68c","1","3"
"1372","eb9ac559ffde072e31910a923045a2884a4f3e8e","1","3"
"1373","b8e10408232ce8244516160519f5656f1ee9172b","1","3"
"1374","f6acfe38c0a408083a593caa9ae5d3117a35cd35","1","3"
"1375","ab3d1548dc7dc9b7758b34fe3a01e950d1610890","1","3"
"1376","7523c2e88612e07ecd39eb2efd04340b3d89e187","1","3"
"1377","f6a4a7a71aea497312081b4a52174ab08fe5d124","1","3"
"1378","57ee3b3575450ef62b8c4e449c9301c2469b35b6","1","3"
"1379","b83e0d1d8e2021da2c52352ed4942db544645478","1","3"
"1380","322f0e4ec5eb0bfde53a38e6044e63dc7f903ae5","1","3"
"1381","95e32df216d268acd2ecd5080379f4885c8c79cb","1","3"
"1382","b18c4a130f9bfc8cf7fe542cd1e2e5329cb7b551","1","3"
"1383","e0a7603ac9ab04106bba1fbd095ff2edb941c41a","1","3"
"1384","75e7dc36ec278809ce1903d9f0901b0d7862091d","1","3"
"1385","d89cd2f5e49b21649598cfc84f5d0dd797083950","1","3"
"1386","cc0ae7e944890c89ccc5f3cd7e0b7be442e04dd9","1","3"
"1387","fd67b6a6e64f71c2b51a6d47bb2f228eb4ea3544","1","3"
"1388","afdb34284695e008dab3f4b2468f85bbac10e42c","1","3"
"1389","c5a805efc268871e6e00c2a9c93ad3ea1ccb1842","1","3"
"1390","3b3deee252c50e6e9604ea204a68b82b59314408","1","3"
"1391","f57bf325fbb72fabfcd82e160c1b299ecb57b62b","1","3"
"1392","be62b2c29ea2bee33609ddbedad765b35a16782c","1","3"
"1393","55d60c164092b19657e33502ec3b37ace318c11a","1","3"
"1394","fdb835585d340bfc39c170ba611ddad9349708e7","1","3"
"1395","93defc27015547c125a561832aa0498e46c86adc","1","3"
"1396","421278d0f3a5a2bef0819ccdabde841d83ffb315","1","3"
"1397","ef56095bceae6d40236fb58aa1c7cba7a653c7b6","1","3"
"1398","26de5f2757ff8faa45d7cb4dadead37a8baf17f5","1","3"
"1399","20aba8b31538999863d890a3c00dd8d69a7abad6","1","3"
"1400","04733f14235d5bde29acda2eea27df80a81e1a39","1","3"
"1401","a523065bf11da958b2d5427ca5805f13fd9f16db","1","3"
"1402","ce8365abf039869b68082b5b3937e3c0805d3c60","1","3"
"1403","4ca7518765d3ea76d90bdf1eb3a2232d19d1963b","1","3"
"1404","283bda8264af7b16c95f563fcb01145f13dc4e72","1","3"
"1405","96e56cbd349fb590f1d5c4d41780b8e8a4b98745","1","3"
"1406","6d5c6183a34939448a5bc672be2c13613dc4d9eb","1","3"
"1407","50a000a2e8e111d7158f82b20f42d46ee8c3e5ee","1","3"
"1408","20144a3aa52db1905ac7f5ae4cf6293800fba259","1","3"
"1409","646df119ed3239ab7009aad1f34e813ca8740f9b","1","3"
"1410","d646318c77dc9e6472bae5d5a67531e1a20bb9ed","1","3"
"1411","dc5a5dfc9674424a0c900619050ce420f3bd42d1","1","3"
"1412","ef192e02c2baeb60aaade9c8c46f112195511ae4","1","3"
"1413","142fae359d6e2653bfbad45e16e9a502866c7ebc","1","3"
"1414","09e545bfba65e917377a6cbbf6e5862ab5d098a6","1","3"
"1415","230317e3367bd67da1e6ef49f58f4cf92d9b46c8","1","3"
"1416","779d5a9f39a764b7bf285c67b7eeb7682ac46a9a","1","3"
"1417","c672e2e9ac682e64c9787c33129df823ab4ffa60","1","3"
"1418","d201f8eabc8407df3e677a4d87aeceb5cc24f231","1","3"
"1419","06a13db63c5dd9661ad71278c75519d45a10f3e5","1","3"
"1420","135040ba758affaf6248d03a0bb7192aa4e7f1cf","1","3"
"1421","35d21d80278c70af00074d7a283b0025b31ab0fc","1","3"
"1422","75f87bba038b4115e3ef2493519bcd88ace39ab8","1","3"
"1423","0380d8a821b191e1420feaa6467b04ec897b831f","1","3"
"1424","011f58786821e5e44c4ebf0d7bb00b5ec6770206","1","3"
"1425","d4b639bd2b22b35137f83f78a6b40ce6565e0cb6","1","3"
"1426","fc1e08c14883c4e6dd442f651da2e6d3e9f270c9","1","3"
"1427","924dbe6a0f58342706c8aa1b8ec722dc273255e3","1","3"
"1428","54b18e1aec06e8e463fa2bb8ac1005fe68e95ec0","1","3"
"1429","12dcde2a01bec43300b8e1d53c483630c4671ad5","1","3"
"1430","468edc11b71ce2f243e702a1d9a0fcfca3e3839c","1","3"
"1431","46d601ed174304d45dd45ec4be2d0e2d26c3d7f0","1","3"
"1432","440b79cb0ca2a085bb42dacd6c2e0ecdf1b5500e","1","3"
"1433","75e6210894af501c04f45718840e620940b32ab4","1","3"
"1434","fa9a01b7f2f8a61a9c88507312911fd52ffa66dc","1","3"
"1435","42d4a00d41eb2d38d6801a5ff74b4d17ac203670","1","3"
"1436","fa1929b223afe60b57089984256da68565202124","1","3"
"1437","7439a8672492f15ca476ced04ba33c8173994907","1","3"
"1438","b899cdbcb4711251291c5a247bfe8f75a89b312d","1","3"
"1439","0e34b052ea7b8c9635735085a3b26d697b0d1b82","1","3"
"1440","8e6b9dc390b391d85b6a685480c9e5cb4efa2c06","1","3"
"1441","9ce898a53c1784d6c1c1934fd4496e1534a57017","1","3"
"1442","698a7cd5ef16cef344a6a2fa0e0acf6a4f31c5bf","1","3"
"1443","982499c1b7614ca0be2c0b96e2f62da79a1655af","1","3"
"1444","a8300614ae542b8ca451588c7125a4f5353d3154","1","3"
"1445","1548dd1fe6004c4eff7977524cc197d956290ba7","1","3"
"1446","cd4c5ed7edfc87c30178b7e81d6480621198445b","1","3"
"1447","4c70bac477ccaeb6f4dd3a55bd01f5e2e720e83c","1","3"
"1448","e88c6e9b56fe69550650e230319dac9d9d340584","1","3"
"1449","1293827871709c871db436a96fbf82be01fd8915","1","3"
"1450","7e1b1442b2a5bb73fc3919013dc4c339e3a4ea7b","1","3"
"1451","21a6542e18bf9592799a24bd0beee8d8c0f9c407","1","3"
"1452","c6e75db668e01687b87f2656d8da87e9a5c29540","1","3"
"1453","bed68692c5b40efb844bebe7f89502f5dd8eab5e","1","3"
"1454","fb401caa288c5d3ffc3663c4ee069c3775592732","1","3"
"1455","bcaba388b1da844dec086a9f13cc52ecf6266c6a","1","3"
"1456","b586db203746e8f6fad52c215f02a6b829b0d522","1","3"
"1457","42b50752f0f1f047c937b702098dfcba3569a6a3","1","3"
"1458","a955d15d7f2c619cf94da5352c8bbe7964f9a3d1","1","3"
"1459","fdfe02e211859c57ed969f83564cd4cfe0e305fe","1","3"
"1460","1b511986cbc1dcd6f931df395e941f0ba6340266","1","3"
"1461","6b699da75d808b7dafbe2677c082abc8e21ce48f","1","3"
"1462","b90fd4f5dba0bbf2d5979377fc5237b050c26b13","1","3"
"1463","92426bdc33d9d9d9a626425ec5f9e41446fb8ca6","1","3"
"1464","9b4e8fbfe8f34e1dd38cc1d2415990626cf896cf","1","3"
"1465","c641e06e66c79f0c898f22467b58e60d0ec11c7c","1","3"
"1466","3984cc9f63f17c92cb36248ce2879fd7a2185290","1","3"
"1467","a7a5ab08b5549794e4512e4e821d524b34428e97","1","3"
"1468","3ffa728c141d8be61e1dbace152ee1b30ffc019c","1","3"
"1469","3eceeda834d269afd23e591ec410509e317f8cde","1","3"
"1470","c944e52112cc817ca5f6043a9568221169052820","1","3"
"1471","7aa18510764a91ec2d70ad7d32fb723d57797e03","1","3"
"1472","e8318f52a8c7f098928ddd66c2798394467deb28","1","3"
"1473","66d3bb7840cd0c9b06ae19934c7e333bc977366e","1","3"
"1474","1d4bb8117081ea6ed917a955765b5a88a426badb","1","3"
"1475","6513d3effb6ab4d0942449b5c7ada00c33de5a1e","1","3"
"1476","bfe294e1b3431b57df7cece1844c46de52c4ed95","1","3"
"1477","80cfe2d73d43591b4b3f051618acd9ab280ad3fd","1","3"
"1478","f9344341be61490408f4c326a5bd4234591dc843","1","3"
"1479","162b6815e1f578e2199f74d8ee287befb4bc69bb","1","3"
"1480","f8936fb16a47adb4107fe4f886f6842953d2aff9","1","3"
"1481","37d138722839586743c0a63a18cd9c0ecfa45ab0","1","3"
"1482","1961c68cf9f22a6344ee1f0f624349deb7d7070a","1","3"
"1483","11e9350419183122d6634ed5e2b21fb6b7c5a632","1","3"
"1484","a2e720299a4ddc830b7b2f8f896a922cdf0121ed","1","3"
"1485","7ddb10c5a4d7b874ae6b24000fd05d3d73812a7a","1","3"
"1486","0805c7903b4302c6c53f9f011ff9903433ee8da8","1","3"
"1487","fc4acd81b1beafa511ebdb329af9e16b038e73d4","1","3"
"1488","a9135066f3a0c8791a5d7a7e8b59a05917e946f7","1","3"
"1489","140dfaf722c31adb33741e230c6ce7c7e8a84e51","1","3"
"1490","99bfa59c80bfe16350447f432e8394953567e26b","1","3"
"1491","400f043fab0fec7e0937254612a81a9057367410","1","3"
"1492","d3222a8ffd6f41ce10491bb2e03382adc454d774","1","3"
"1493","5d27c25b5b906d40dbf6a46cef5542c18f28cc6e","1","3"
"1494","a0d32c26018594a7c0a2a3a2d153cd5071ef19b6","1","3"
"1495","8e3f50ed5600bf380be97e51841e554991caa50f","1","3"
"1496","3f337e15fb00837282ec0c2b6e699f6decd9d4fc","1","3"
"1497","405969adf966d10694e0e5865fc8cf1ad8bc64db","1","3"
"1498","d36763298da81f5c02abc96c58eb541c12496036","1","3"
"1499","1501eb6368e78c2246181a31e148032a025782cb","1","3"
"1500","fb506528bce173cc4ae17688c43f0e97ec250b08","1","3"
"1501","33944d0173eb944a8144a584faa55fc4bdd6a21b","1","3"
"1502","ad17290a9f67553e641c37ab166a2632e3566c5f","1","3"
"1503","a90d929a6ee6b5d6da86f09dae876d4f59b4dbb4","1","3"
"1504","e0cc0d0f29c28f9bcd02982928e2018f5c6312d1","1","3"
"1505","0360e1a5fe97c750ac2d8cff0ea0cbab9bf8fa5f","1","3"
"1506","ad1466d796c820534830799e4d41e1cd1a520fb8","1","3"
"1507","2709d987a4bb2f83ef918ac0c50be8617782d06b","1","3"
"1508","fca63824a60a4fcf38ca7d527167360f47e67b3d","1","3"
"1509","084a71aaaf7a142a81dafc3fbcfb7df644b00341","1","3"
"1510","649d95613c26253f2ceb9a5294f3da5c3159e04a","1","3"
"1511","c8ca2fa46f998ece56e4f73f93604cf00bfe43e6","1","3"
"1512","f27a818840bb7e724a8202bfcedc0a3a10d49841","1","3"
"1513","e5c1a56e6d594aaaceb1ef0ea415b4e87a404b68","1","3"
"1514","fab6d679789f1db654d854b58775ea5c359c5f90","1","3"
"1515","777f4b7f7920b4e845e29f813dbdee6924ca65f2","1","3"
"1516","887fd470d39a9f4259921a437aaae7e2d92e3b90","1","3"
"1517","123c628d316fc6ec8e4a1ac80c8c9362c013549c","1","3"
"1518","74bcf6b908924bbe2468e01c302aab72f9459fba","1","3"
"1519","f1066b9d9dfcc40cd030768198ba92e8d9a2fce6","1","3"
"1520","386ae1dafc51d76fbf92636f07b96edbc2d42c50","1","3"
"1521","64094e5ba089f5021c74fee5634ad08677de28f2","1","3"
"1522","af9b3b94a867466603c26d0a209516f6190cc6d0","1","3"
"1523","fdfaf8f8c41da19da16a8d4cf9894435f7823a99","1","3"
"1524","4c6d8439f2de42b7459c3b161ea142eca59d2fc1","1","3"
"1525","763d4dc3b397a63685245ba969830d3de109f930","1","3"
"1526","cb35f51c2a5a371c56ce6e2bf0638e8cd89b6596","1","3"
"1527","a98a4d514d8234a03376469e5270bbd6888262b6","1","3"
"1528","6b42c34ac71727c67a7226cd76dbb3e74b3d0c4a","1","3"
"1529","55796fd17c49defdaed5c721460ff18a1642fb4a","1","3"
"1530","c760ff4760108ff974422e5d88fb8dbda6ed81b7","1","3"
"1531","bdc0ef17689217cf8d4752085534f9160bef1618","1","3"
"1532","7359f0f59d77c4bb3cdff376079c909bb13f6952","1","3"
"1533","2926c57219e4f384630092c581b7048922a66131","1","3"
"1534","e4cbe944c57d9fbc392d4f06ad293a6f455a6bbd","1","3"
"1535","11b1d9e124de48f52a833d7c8c9776062356c79b","1","3"
"1536","3d1a27393c769843936d6edbcc3a7466528659cc","1","3"
"1537","7570cf154d24d2ea6ae0899799368552db4c5c4e","1","3"
"1538","cc01bbe153964cec2d28faff4a3f8171b8960009","1","3"
"1539","a12ae2125d397f09fa42ab629bdccd6fedd5cfe5","1","3"
"1540","c6a8f4675aef0e061dea865b45c9244e37fecd99","1","3"
"1541","9236a8ce81d62ecb31d831cc2b88fafbc0a397b4","1","3"
"1542","fba4bd63c19f7a077e9d9ae835a13ce6ee868a02","1","3"
"1543","594357575e203a7b410cdda259b639dd1f811c76","1","3"
"1544","66e7d0b97a5d1ef181020c7e15e520fe5d86e558","1","3"
"1545","adffbe947dec265f22a6fbe81c4fbc39ce892c1c","1","3"
"1546","de6228a489a9153e190c6981af19bb6c874a30d9","1","3"
