,id,conflicting_commit_hash
0,0,07559b47674594fdf40f2855f83b492f67f9093c
1,1,0e97a336019b2590a5a486cd4d0249a60db36eb7
2,2,0e97a336019b2590a5a486cd4d0249a60db36eb7
3,3,1a87c33bd18648f484133794840e94bd8d1d4a64
4,4,1a87c33bd18648f484133794840e94bd8d1d4a64
5,5,1a87c33bd18648f484133794840e94bd8d1d4a64
6,6,26df9d1461e4d7cdab79457f402bcd8cff75486c
7,7,26df9d1461e4d7cdab79457f402bcd8cff75486c
8,8,26df9d1461e4d7cdab79457f402bcd8cff75486c
9,9,26df9d1461e4d7cdab79457f402bcd8cff75486c
10,10,2a0b50ec65fbfc8a7a466e2fb937356c7f1e3b9a
11,11,2a0b50ec65fbfc8a7a466e2fb937356c7f1e3b9a
12,12,2a0b50ec65fbfc8a7a466e2fb937356c7f1e3b9a
13,13,5070bb4801aaeb9f30d56222ccae5cc90d0aadef
14,14,5a77535278fcdda5f813705c7f9f35f5f99a76eb
15,15,5f38675ec51c16d54b4d36677b8f88923d59a9f0
16,16,66a86d1652c383ea3921d03f49f444f1d1000765
17,17,66a86d1652c383ea3921d03f49f444f1d1000765
18,18,66a86d1652c383ea3921d03f49f444f1d1000765
19,19,66a86d1652c383ea3921d03f49f444f1d1000765
20,20,6f83c0839dd0343f229406d4222d8c5bea768c47
21,21,8a1a22a456ac72395a56cb0ac0cd94e55e218103
22,22,8a1a22a456ac72395a56cb0ac0cd94e55e218103
23,23,8a1a22a456ac72395a56cb0ac0cd94e55e218103
24,24,8a1a22a456ac72395a56cb0ac0cd94e55e218103
25,25,8a1a22a456ac72395a56cb0ac0cd94e55e218103
26,26,8a1a22a456ac72395a56cb0ac0cd94e55e218103
27,27,8a1a22a456ac72395a56cb0ac0cd94e55e218103
28,28,8a1a22a456ac72395a56cb0ac0cd94e55e218103
29,29,8a1a22a456ac72395a56cb0ac0cd94e55e218103
30,30,936a2921282bf171b06c3c77450e93c78c6beb7d
31,31,960ae38ca01fc971981fafe35813c4e7091b81d0
32,32,9caa3b58f0876ed46604a2a43893574d35f344d4
33,33,a55753d55f1c7f517bb977441785ff84cb4b9a04
34,34,a55753d55f1c7f517bb977441785ff84cb4b9a04
35,35,a55753d55f1c7f517bb977441785ff84cb4b9a04
36,36,ce61416fbd8773003d86bd5f56b3e42569d9e068
37,37,d017a5411de869929dd03efc6c952aa708a9bd2a
38,38,d017a5411de869929dd03efc6c952aa708a9bd2a
39,39,d51253011690def06db835d5ad605ca134c94d84
40,40,d51253011690def06db835d5ad605ca134c94d84
41,41,d51253011690def06db835d5ad605ca134c94d84
42,42,d51253011690def06db835d5ad605ca134c94d84
43,43,e55275fc6df6b1b6b6e56a3c905da8dbea05d4df
44,44,f10f48c87d828881dda9912f050bccf8bb36776c
45,45,f10f48c87d828881dda9912f050bccf8bb36776c
46,46,f10f48c87d828881dda9912f050bccf8bb36776c
47,47,f10f48c87d828881dda9912f050bccf8bb36776c
48,48,f25c38b51e0f35ea1637832e1ea6680c343203e2
49,49,f95b432f949ca794b9445058d5f5fa185142c7ff
50,50,f95b432f949ca794b9445058d5f5fa185142c7ff
51,0,009f2bdc63eed92c8fb4bd013cc90eea6c43738c
52,1,01954d4fca18058b2cc9e6534f0b64a70361a02b
53,2,0258e273bfd2dca550a27d3204cf22227a41e772
54,3,0258e273bfd2dca550a27d3204cf22227a41e772
55,4,0258e273bfd2dca550a27d3204cf22227a41e772
56,5,0258e273bfd2dca550a27d3204cf22227a41e772
57,6,02686a5216af96fadd661ae3d61fe5c4eda76bd3
58,7,0342551c84bc0e84d1749d161aeb97bd523811d0
59,8,0342551c84bc0e84d1749d161aeb97bd523811d0
60,9,06e5337b35ceb6b25fffceae2deaeac65bd1cdfc
61,10,06e5337b35ceb6b25fffceae2deaeac65bd1cdfc
62,11,06e5337b35ceb6b25fffceae2deaeac65bd1cdfc
63,12,06e5337b35ceb6b25fffceae2deaeac65bd1cdfc
64,13,06e5337b35ceb6b25fffceae2deaeac65bd1cdfc
65,14,06e5337b35ceb6b25fffceae2deaeac65bd1cdfc
66,15,06e5337b35ceb6b25fffceae2deaeac65bd1cdfc
67,16,06e5337b35ceb6b25fffceae2deaeac65bd1cdfc
68,17,06e5337b35ceb6b25fffceae2deaeac65bd1cdfc
69,18,06e5337b35ceb6b25fffceae2deaeac65bd1cdfc
70,19,09dde7bda3b9279d4d73c7bf3c8e92b129027ea3
71,20,09f3f8ffc56a4c4bb5d05f93286f9e5d24121af2
72,21,09f3f8ffc56a4c4bb5d05f93286f9e5d24121af2
73,22,09f3f8ffc56a4c4bb5d05f93286f9e5d24121af2
74,23,09f3f8ffc56a4c4bb5d05f93286f9e5d24121af2
75,24,09f3f8ffc56a4c4bb5d05f93286f9e5d24121af2
76,25,09f3f8ffc56a4c4bb5d05f93286f9e5d24121af2
77,26,09f3f8ffc56a4c4bb5d05f93286f9e5d24121af2
78,27,09f3f8ffc56a4c4bb5d05f93286f9e5d24121af2
79,28,09f3f8ffc56a4c4bb5d05f93286f9e5d24121af2
80,29,09f3f8ffc56a4c4bb5d05f93286f9e5d24121af2
81,30,09f3f8ffc56a4c4bb5d05f93286f9e5d24121af2
82,31,09f3f8ffc56a4c4bb5d05f93286f9e5d24121af2
83,32,09f3f8ffc56a4c4bb5d05f93286f9e5d24121af2
84,33,09f3f8ffc56a4c4bb5d05f93286f9e5d24121af2
85,34,09f3f8ffc56a4c4bb5d05f93286f9e5d24121af2
86,35,09f3f8ffc56a4c4bb5d05f93286f9e5d24121af2
87,36,09f3f8ffc56a4c4bb5d05f93286f9e5d24121af2
88,37,09f3f8ffc56a4c4bb5d05f93286f9e5d24121af2
89,38,09f3f8ffc56a4c4bb5d05f93286f9e5d24121af2
90,39,0ccca235068397ea4b045025034a488e78b83863
91,40,0ccca235068397ea4b045025034a488e78b83863
92,41,0ccca235068397ea4b045025034a488e78b83863
93,42,0ccca235068397ea4b045025034a488e78b83863
94,43,0ccca235068397ea4b045025034a488e78b83863
95,44,0ccca235068397ea4b045025034a488e78b83863
96,45,0ccca235068397ea4b045025034a488e78b83863
97,46,0ccca235068397ea4b045025034a488e78b83863
98,47,0ccca235068397ea4b045025034a488e78b83863
99,48,0ccca235068397ea4b045025034a488e78b83863
100,49,0ccca235068397ea4b045025034a488e78b83863
101,50,0ccca235068397ea4b045025034a488e78b83863
102,51,0ccca235068397ea4b045025034a488e78b83863
103,52,0ccca235068397ea4b045025034a488e78b83863
104,53,0ccca235068397ea4b045025034a488e78b83863
105,54,0ccca235068397ea4b045025034a488e78b83863
106,55,0ccca235068397ea4b045025034a488e78b83863
107,56,0f70d09bd3ed5abaccd06b80382fef547408830d
108,57,122dd430cc7907938d0d891f0bfd34884e35749c
109,58,139c596d380b1338d8ed348ed02d10ffaaa85710
110,59,139c596d380b1338d8ed348ed02d10ffaaa85710
111,60,139c596d380b1338d8ed348ed02d10ffaaa85710
112,61,13aeac1ef5ba9e205de51d9f1daf5ef021bb7729
113,62,13aeac1ef5ba9e205de51d9f1daf5ef021bb7729
114,63,13aeac1ef5ba9e205de51d9f1daf5ef021bb7729
115,64,13aeac1ef5ba9e205de51d9f1daf5ef021bb7729
116,65,13aeac1ef5ba9e205de51d9f1daf5ef021bb7729
117,66,13aeac1ef5ba9e205de51d9f1daf5ef021bb7729
118,67,13aeac1ef5ba9e205de51d9f1daf5ef021bb7729
119,68,13aeac1ef5ba9e205de51d9f1daf5ef021bb7729
120,69,13aeac1ef5ba9e205de51d9f1daf5ef021bb7729
121,70,13aeac1ef5ba9e205de51d9f1daf5ef021bb7729
122,71,13aeac1ef5ba9e205de51d9f1daf5ef021bb7729
123,72,13aeac1ef5ba9e205de51d9f1daf5ef021bb7729
124,73,13aeac1ef5ba9e205de51d9f1daf5ef021bb7729
125,74,13aeac1ef5ba9e205de51d9f1daf5ef021bb7729
126,75,13aeac1ef5ba9e205de51d9f1daf5ef021bb7729
127,76,13aeac1ef5ba9e205de51d9f1daf5ef021bb7729
128,77,13aeac1ef5ba9e205de51d9f1daf5ef021bb7729
129,78,16c490207b1d95a35a80042092b25eab8fdea50c
130,79,2293927f5cdfe02f8d335ecc37055449ce67c746
131,80,25c4bbf796034c987e7517d4d3c596026a0142e3
132,81,25c4bbf796034c987e7517d4d3c596026a0142e3
133,82,268c1a647cfddf982c444e05fe97687848c595c9
134,83,27da89e889baa05bdfa0dc71e1c3feea76fc57cc
135,84,27da89e889baa05bdfa0dc71e1c3feea76fc57cc
136,85,294a5da6eca09123038fff52c45d763fd9adf371
137,86,2d01b8c39dcf5f9311e79f5cce24a1505e19e766
138,87,2dfcfbf8118865639d2e2cafe1223d592804b470
139,88,2dfcfbf8118865639d2e2cafe1223d592804b470
140,89,30d1a191c1eb8d06107e8350aae289d5ea242026
141,90,30d1a191c1eb8d06107e8350aae289d5ea242026
142,91,30d1a191c1eb8d06107e8350aae289d5ea242026
143,92,30d1a191c1eb8d06107e8350aae289d5ea242026
144,93,30d1a191c1eb8d06107e8350aae289d5ea242026
145,94,30d1a191c1eb8d06107e8350aae289d5ea242026
146,95,30d1a191c1eb8d06107e8350aae289d5ea242026
147,96,30d1a191c1eb8d06107e8350aae289d5ea242026
148,97,30d1a191c1eb8d06107e8350aae289d5ea242026
149,98,30d1a191c1eb8d06107e8350aae289d5ea242026
150,99,30d1a191c1eb8d06107e8350aae289d5ea242026
151,100,30d1a191c1eb8d06107e8350aae289d5ea242026
152,101,30d1a191c1eb8d06107e8350aae289d5ea242026
153,102,30d1a191c1eb8d06107e8350aae289d5ea242026
154,103,30d1a191c1eb8d06107e8350aae289d5ea242026
155,104,30d1a191c1eb8d06107e8350aae289d5ea242026
156,105,30d1a191c1eb8d06107e8350aae289d5ea242026
157,106,30d1a191c1eb8d06107e8350aae289d5ea242026
158,107,30d1a191c1eb8d06107e8350aae289d5ea242026
159,108,30d1a191c1eb8d06107e8350aae289d5ea242026
160,109,30d1a191c1eb8d06107e8350aae289d5ea242026
161,110,30d1a191c1eb8d06107e8350aae289d5ea242026
162,111,30d1a191c1eb8d06107e8350aae289d5ea242026
163,112,30d1a191c1eb8d06107e8350aae289d5ea242026
164,113,30d1a191c1eb8d06107e8350aae289d5ea242026
165,114,30d1a191c1eb8d06107e8350aae289d5ea242026
166,115,30d1a191c1eb8d06107e8350aae289d5ea242026
167,116,30d1a191c1eb8d06107e8350aae289d5ea242026
168,117,30d1a191c1eb8d06107e8350aae289d5ea242026
169,118,30d1a191c1eb8d06107e8350aae289d5ea242026
170,119,30d1a191c1eb8d06107e8350aae289d5ea242026
171,120,30d1a191c1eb8d06107e8350aae289d5ea242026
172,121,30d1a191c1eb8d06107e8350aae289d5ea242026
173,122,30d1a191c1eb8d06107e8350aae289d5ea242026
174,123,30d1a191c1eb8d06107e8350aae289d5ea242026
175,124,30d1a191c1eb8d06107e8350aae289d5ea242026
176,125,30d1a191c1eb8d06107e8350aae289d5ea242026
177,126,30d1a191c1eb8d06107e8350aae289d5ea242026
178,127,30d1a191c1eb8d06107e8350aae289d5ea242026
179,128,30d1a191c1eb8d06107e8350aae289d5ea242026
180,129,30d1a191c1eb8d06107e8350aae289d5ea242026
181,130,30d1a191c1eb8d06107e8350aae289d5ea242026
182,131,30d1a191c1eb8d06107e8350aae289d5ea242026
183,132,30d1a191c1eb8d06107e8350aae289d5ea242026
184,133,30d1a191c1eb8d06107e8350aae289d5ea242026
185,134,30d1a191c1eb8d06107e8350aae289d5ea242026
186,135,30d1a191c1eb8d06107e8350aae289d5ea242026
187,136,30d1a191c1eb8d06107e8350aae289d5ea242026
188,137,30d1a191c1eb8d06107e8350aae289d5ea242026
189,138,30d1a191c1eb8d06107e8350aae289d5ea242026
190,139,30d1a191c1eb8d06107e8350aae289d5ea242026
191,140,30d1a191c1eb8d06107e8350aae289d5ea242026
192,141,30d1a191c1eb8d06107e8350aae289d5ea242026
193,142,30d1a191c1eb8d06107e8350aae289d5ea242026
194,143,30d1a191c1eb8d06107e8350aae289d5ea242026
195,144,30d1a191c1eb8d06107e8350aae289d5ea242026
196,145,30d1a191c1eb8d06107e8350aae289d5ea242026
197,146,30d1a191c1eb8d06107e8350aae289d5ea242026
198,147,30d1a191c1eb8d06107e8350aae289d5ea242026
199,148,30d1a191c1eb8d06107e8350aae289d5ea242026
200,149,30d1a191c1eb8d06107e8350aae289d5ea242026
201,150,30d1a191c1eb8d06107e8350aae289d5ea242026
202,151,30d1a191c1eb8d06107e8350aae289d5ea242026
203,152,30d1a191c1eb8d06107e8350aae289d5ea242026
204,153,30d1a191c1eb8d06107e8350aae289d5ea242026
205,154,30d1a191c1eb8d06107e8350aae289d5ea242026
206,155,30d1a191c1eb8d06107e8350aae289d5ea242026
207,156,30d1a191c1eb8d06107e8350aae289d5ea242026
208,157,30d1a191c1eb8d06107e8350aae289d5ea242026
209,158,30d1a191c1eb8d06107e8350aae289d5ea242026
210,159,30d1a191c1eb8d06107e8350aae289d5ea242026
211,160,30d1a191c1eb8d06107e8350aae289d5ea242026
212,161,30d1a191c1eb8d06107e8350aae289d5ea242026
213,162,30d1a191c1eb8d06107e8350aae289d5ea242026
214,163,30d1a191c1eb8d06107e8350aae289d5ea242026
215,164,30d1a191c1eb8d06107e8350aae289d5ea242026
216,165,30d1a191c1eb8d06107e8350aae289d5ea242026
217,166,30d1a191c1eb8d06107e8350aae289d5ea242026
218,167,30d1a191c1eb8d06107e8350aae289d5ea242026
219,168,30d1a191c1eb8d06107e8350aae289d5ea242026
220,169,30d1a191c1eb8d06107e8350aae289d5ea242026
221,170,30d1a191c1eb8d06107e8350aae289d5ea242026
222,171,30d1a191c1eb8d06107e8350aae289d5ea242026
223,172,30d1a191c1eb8d06107e8350aae289d5ea242026
224,173,30d1a191c1eb8d06107e8350aae289d5ea242026
225,174,30d1a191c1eb8d06107e8350aae289d5ea242026
226,175,30d1a191c1eb8d06107e8350aae289d5ea242026
227,176,30d1a191c1eb8d06107e8350aae289d5ea242026
228,177,30d1a191c1eb8d06107e8350aae289d5ea242026
229,178,30d1a191c1eb8d06107e8350aae289d5ea242026
230,179,30d1a191c1eb8d06107e8350aae289d5ea242026
231,180,30d1a191c1eb8d06107e8350aae289d5ea242026
232,181,30d1a191c1eb8d06107e8350aae289d5ea242026
233,182,30d1a191c1eb8d06107e8350aae289d5ea242026
234,183,30d1a191c1eb8d06107e8350aae289d5ea242026
235,184,30d1a191c1eb8d06107e8350aae289d5ea242026
236,185,30d1a191c1eb8d06107e8350aae289d5ea242026
237,186,30d1a191c1eb8d06107e8350aae289d5ea242026
238,187,30d1a191c1eb8d06107e8350aae289d5ea242026
239,188,30d1a191c1eb8d06107e8350aae289d5ea242026
240,189,30d1a191c1eb8d06107e8350aae289d5ea242026
241,190,30d1a191c1eb8d06107e8350aae289d5ea242026
242,191,30d1a191c1eb8d06107e8350aae289d5ea242026
243,192,30d1a191c1eb8d06107e8350aae289d5ea242026
244,193,30d1a191c1eb8d06107e8350aae289d5ea242026
245,194,30d1a191c1eb8d06107e8350aae289d5ea242026
246,195,30d1a191c1eb8d06107e8350aae289d5ea242026
247,196,30d1a191c1eb8d06107e8350aae289d5ea242026
248,197,30d1a191c1eb8d06107e8350aae289d5ea242026
249,198,30d1a191c1eb8d06107e8350aae289d5ea242026
250,199,30d1a191c1eb8d06107e8350aae289d5ea242026
251,200,30d1a191c1eb8d06107e8350aae289d5ea242026
252,201,30d1a191c1eb8d06107e8350aae289d5ea242026
253,202,30d1a191c1eb8d06107e8350aae289d5ea242026
254,203,30d1a191c1eb8d06107e8350aae289d5ea242026
255,204,30d1a191c1eb8d06107e8350aae289d5ea242026
256,205,30d1a191c1eb8d06107e8350aae289d5ea242026
257,206,30d1a191c1eb8d06107e8350aae289d5ea242026
258,207,30d1a191c1eb8d06107e8350aae289d5ea242026
259,208,30d1a191c1eb8d06107e8350aae289d5ea242026
260,209,30d1a191c1eb8d06107e8350aae289d5ea242026
261,210,30d1a191c1eb8d06107e8350aae289d5ea242026
262,211,30d1a191c1eb8d06107e8350aae289d5ea242026
263,212,30d1a191c1eb8d06107e8350aae289d5ea242026
264,213,30d1a191c1eb8d06107e8350aae289d5ea242026
265,214,30d1a191c1eb8d06107e8350aae289d5ea242026
266,215,30d1a191c1eb8d06107e8350aae289d5ea242026
267,216,30d1a191c1eb8d06107e8350aae289d5ea242026
268,217,30d1a191c1eb8d06107e8350aae289d5ea242026
269,218,30d1a191c1eb8d06107e8350aae289d5ea242026
270,219,30d1a191c1eb8d06107e8350aae289d5ea242026
271,220,30d1a191c1eb8d06107e8350aae289d5ea242026
272,221,30d1a191c1eb8d06107e8350aae289d5ea242026
273,222,30d1a191c1eb8d06107e8350aae289d5ea242026
274,223,30d1a191c1eb8d06107e8350aae289d5ea242026
275,224,30d1a191c1eb8d06107e8350aae289d5ea242026
276,225,30d1a191c1eb8d06107e8350aae289d5ea242026
277,226,31cf9e1365d59cade0bce29bd22eb58d0cf2c113
278,227,3cf1f41caef546bcf7f2bd8b54bddf287d5499b1
279,228,404fb2732d6d929491229d84a67eb17551c27871
280,229,41809ea677ba5f557fa93f3e158ea4281b0d4d7d
281,230,41809ea677ba5f557fa93f3e158ea4281b0d4d7d
282,231,41809ea677ba5f557fa93f3e158ea4281b0d4d7d
283,232,41809ea677ba5f557fa93f3e158ea4281b0d4d7d
284,233,49b1fd5b687a2631a74948647b01625f8dd2386e
285,234,5145d35c452e05b49de20fd9d54b6c2dfbeb4718
286,235,51733f6aeedefc53d63bf2effb6abd681848830d
287,236,51733f6aeedefc53d63bf2effb6abd681848830d
288,237,51733f6aeedefc53d63bf2effb6abd681848830d
289,238,51733f6aeedefc53d63bf2effb6abd681848830d
290,239,58146113e80d7c42e8a110f10cce4953e2e19c83
291,240,585fbc3f987ab6ea858dbd9123f6b1064ea9292b
292,241,5bc7c9544f7fed784383ea0e38234d473ff6c94d
293,242,5bc7c9544f7fed784383ea0e38234d473ff6c94d
294,243,5c2ef2f50f19ec226835f01a8c606d51ca556032
295,244,5c2ef2f50f19ec226835f01a8c606d51ca556032
296,245,5e362a840449a04cede08e30cc211b0495f16260
297,246,5e362a840449a04cede08e30cc211b0495f16260
298,247,6687e7b034b803de2b407bf320e7d107e3b2b3b7
299,248,6f66729bed6f0e820593ed0ea945cb4ae94fa67e
300,249,749633366392db7d3968f1e213512d9efb3a791e
301,250,75031f923f540dfe12682056e1c29c4f7febb2a0
302,251,75031f923f540dfe12682056e1c29c4f7febb2a0
303,252,778a4c22e2928895fd8254e979de27aeba0cc2fe
304,253,78895ffc8f79e73315512a361982458a5ad3bb41
305,254,78895ffc8f79e73315512a361982458a5ad3bb41
306,255,78895ffc8f79e73315512a361982458a5ad3bb41
307,256,78895ffc8f79e73315512a361982458a5ad3bb41
308,257,78895ffc8f79e73315512a361982458a5ad3bb41
309,258,78895ffc8f79e73315512a361982458a5ad3bb41
310,259,78895ffc8f79e73315512a361982458a5ad3bb41
311,260,78895ffc8f79e73315512a361982458a5ad3bb41
312,261,78895ffc8f79e73315512a361982458a5ad3bb41
313,262,78895ffc8f79e73315512a361982458a5ad3bb41
314,263,78895ffc8f79e73315512a361982458a5ad3bb41
315,264,78895ffc8f79e73315512a361982458a5ad3bb41
316,265,78895ffc8f79e73315512a361982458a5ad3bb41
317,266,78895ffc8f79e73315512a361982458a5ad3bb41
318,267,78895ffc8f79e73315512a361982458a5ad3bb41
319,268,78895ffc8f79e73315512a361982458a5ad3bb41
320,269,78895ffc8f79e73315512a361982458a5ad3bb41
321,270,78895ffc8f79e73315512a361982458a5ad3bb41
322,271,78895ffc8f79e73315512a361982458a5ad3bb41
323,272,78895ffc8f79e73315512a361982458a5ad3bb41
324,273,78895ffc8f79e73315512a361982458a5ad3bb41
325,274,78895ffc8f79e73315512a361982458a5ad3bb41
326,275,78895ffc8f79e73315512a361982458a5ad3bb41
327,276,7a6972326c3d4ea8ae1d6ccc5e32ee3183a17728
328,277,7b62e19bbafbf179b67f1036f8cf65fa419512bc
329,278,7b62e19bbafbf179b67f1036f8cf65fa419512bc
330,279,7b7b795346618b5cb8943bc19d5db763ab764d52
331,280,7fd7c83851fb87d727c220043bac0e4e81632182
332,281,7fd7c83851fb87d727c220043bac0e4e81632182
333,282,7fd7c83851fb87d727c220043bac0e4e81632182
334,283,7fd7c83851fb87d727c220043bac0e4e81632182
335,284,7fd7c83851fb87d727c220043bac0e4e81632182
336,285,7fd7c83851fb87d727c220043bac0e4e81632182
337,286,7fd7c83851fb87d727c220043bac0e4e81632182
338,287,7fd7c83851fb87d727c220043bac0e4e81632182
339,288,7fd7c83851fb87d727c220043bac0e4e81632182
340,289,7fd7c83851fb87d727c220043bac0e4e81632182
341,290,7fd7c83851fb87d727c220043bac0e4e81632182
342,291,7fd7c83851fb87d727c220043bac0e4e81632182
343,292,7fd7c83851fb87d727c220043bac0e4e81632182
344,293,7fd7c83851fb87d727c220043bac0e4e81632182
345,294,7fd7c83851fb87d727c220043bac0e4e81632182
346,295,7fd7c83851fb87d727c220043bac0e4e81632182
347,296,7fd7c83851fb87d727c220043bac0e4e81632182
348,297,7fd7c83851fb87d727c220043bac0e4e81632182
349,298,7fd7c83851fb87d727c220043bac0e4e81632182
350,299,7fd7c83851fb87d727c220043bac0e4e81632182
351,300,7fd7c83851fb87d727c220043bac0e4e81632182
352,301,7fd7c83851fb87d727c220043bac0e4e81632182
353,302,7fd7c83851fb87d727c220043bac0e4e81632182
354,303,7fd7c83851fb87d727c220043bac0e4e81632182
355,304,7fd7c83851fb87d727c220043bac0e4e81632182
356,305,7fd7c83851fb87d727c220043bac0e4e81632182
357,306,7fd7c83851fb87d727c220043bac0e4e81632182
358,307,7fd7c83851fb87d727c220043bac0e4e81632182
359,308,7fd7c83851fb87d727c220043bac0e4e81632182
360,309,7fd7c83851fb87d727c220043bac0e4e81632182
361,310,7fd7c83851fb87d727c220043bac0e4e81632182
362,311,7fd7c83851fb87d727c220043bac0e4e81632182
363,312,7fd7c83851fb87d727c220043bac0e4e81632182
364,313,7fd7c83851fb87d727c220043bac0e4e81632182
365,314,7fd7c83851fb87d727c220043bac0e4e81632182
366,315,7fd7c83851fb87d727c220043bac0e4e81632182
367,316,7fd7c83851fb87d727c220043bac0e4e81632182
368,317,7fd7c83851fb87d727c220043bac0e4e81632182
369,318,7fd7c83851fb87d727c220043bac0e4e81632182
370,319,7fd7c83851fb87d727c220043bac0e4e81632182
371,320,7fd7c83851fb87d727c220043bac0e4e81632182
372,321,7fd7c83851fb87d727c220043bac0e4e81632182
373,322,7fd7c83851fb87d727c220043bac0e4e81632182
374,323,8033db4af6796be614dc6ee415761f4efac8a2f2
375,324,8033db4af6796be614dc6ee415761f4efac8a2f2
376,325,8125a4b1b97f07586693d15fce865f316d294cab
377,326,82aebf270763dfefa6e6692ff841ace2b91fa80a
378,327,841d8e51ad0654f3053ee3b16d2be63c447cfc4b
379,328,841d8e51ad0654f3053ee3b16d2be63c447cfc4b
380,329,841d8e51ad0654f3053ee3b16d2be63c447cfc4b
381,330,841d8e51ad0654f3053ee3b16d2be63c447cfc4b
382,331,89c83f2cda338e57d5b0d6339c76acfd159b1a15
383,332,89c83f2cda338e57d5b0d6339c76acfd159b1a15
384,333,8a4556bc66bd4de395955a636d26d818fb215f40
385,334,8a4556bc66bd4de395955a636d26d818fb215f40
386,335,8a4556bc66bd4de395955a636d26d818fb215f40
387,336,8a4556bc66bd4de395955a636d26d818fb215f40
388,337,8a4556bc66bd4de395955a636d26d818fb215f40
389,338,8a4556bc66bd4de395955a636d26d818fb215f40
390,339,8a4556bc66bd4de395955a636d26d818fb215f40
391,340,8a4556bc66bd4de395955a636d26d818fb215f40
392,341,8a4556bc66bd4de395955a636d26d818fb215f40
393,342,8a4556bc66bd4de395955a636d26d818fb215f40
394,343,8a4556bc66bd4de395955a636d26d818fb215f40
395,344,8a4556bc66bd4de395955a636d26d818fb215f40
396,345,8a4556bc66bd4de395955a636d26d818fb215f40
397,346,8a4556bc66bd4de395955a636d26d818fb215f40
398,347,8a4556bc66bd4de395955a636d26d818fb215f40
399,348,8a4556bc66bd4de395955a636d26d818fb215f40
400,349,8a4556bc66bd4de395955a636d26d818fb215f40
401,350,8a4556bc66bd4de395955a636d26d818fb215f40
402,351,8a4556bc66bd4de395955a636d26d818fb215f40
403,352,8a4556bc66bd4de395955a636d26d818fb215f40
404,353,8a4556bc66bd4de395955a636d26d818fb215f40
405,354,8a4556bc66bd4de395955a636d26d818fb215f40
406,355,8a4556bc66bd4de395955a636d26d818fb215f40
407,356,8a84534731712fff8d6cdd1d50f93945591b782c
408,357,90415702d623180f30e52e3d9426d3ef10b98276
409,358,90415702d623180f30e52e3d9426d3ef10b98276
410,359,91ebf36c066190d49ef4ddb9b49d281f0763b417
411,360,9a0ac44f4507d118a173b01b3bd7d5275bb9137e
412,361,9aa175e5b6af1a2d8ae601514556ffd88893d94e
413,362,9aa175e5b6af1a2d8ae601514556ffd88893d94e
414,363,9e13aaf139747aecce2944c7205cc592aa23d97a
415,364,9fd59f44b1308e0a972ff390c7407fb4493f9f0a
416,365,9fd59f44b1308e0a972ff390c7407fb4493f9f0a
417,366,9fd59f44b1308e0a972ff390c7407fb4493f9f0a
418,367,9fd59f44b1308e0a972ff390c7407fb4493f9f0a
419,368,9fd59f44b1308e0a972ff390c7407fb4493f9f0a
420,369,9fd59f44b1308e0a972ff390c7407fb4493f9f0a
421,370,9fd59f44b1308e0a972ff390c7407fb4493f9f0a
422,371,9fd59f44b1308e0a972ff390c7407fb4493f9f0a
423,372,9fd59f44b1308e0a972ff390c7407fb4493f9f0a
424,373,9fd59f44b1308e0a972ff390c7407fb4493f9f0a
425,374,9fd59f44b1308e0a972ff390c7407fb4493f9f0a
426,375,9fd59f44b1308e0a972ff390c7407fb4493f9f0a
427,376,a23c6aa3b83caf62c769a21bb8eaa86da8b48d28
428,377,a42cfc8de9690fe2167efe7328053b22006463a4
429,378,a8149cdd913d902d359909c06e8ba6c6eff5a519
430,379,aabbf299c7acfdf730c274259970bab900d01484
431,380,ac0845701a8fd8f16515cd9cdbb818f522c86510
432,381,ad8d0f65c32f58e0bd61750ec1eb0fb4f65c81a9
433,382,ae2830d078e15d5f5d630730a4dbdf76b088bfcc
434,383,afeb8d423c9f351396c95a8810d7628bf9879f0c
435,384,b061b9891dd7908fd4ab5c8ecddaa7f5cd23ee80
436,385,b24a131375ba1c534edb9cdb4c1f772e087299ac
437,386,b24a131375ba1c534edb9cdb4c1f772e087299ac
438,387,b24a131375ba1c534edb9cdb4c1f772e087299ac
439,388,b24a131375ba1c534edb9cdb4c1f772e087299ac
440,389,b24a131375ba1c534edb9cdb4c1f772e087299ac
441,390,b24a131375ba1c534edb9cdb4c1f772e087299ac
442,391,b24a131375ba1c534edb9cdb4c1f772e087299ac
443,392,b24a131375ba1c534edb9cdb4c1f772e087299ac
444,393,b24a131375ba1c534edb9cdb4c1f772e087299ac
445,394,c4e25c50c2f8e550f6939633f17c66fa3cbb59ea
446,395,c96f96dbd7af6c8ea8ed38e44a0499e9a6941103
447,396,c96f96dbd7af6c8ea8ed38e44a0499e9a6941103
448,397,caf5b8cb738de9f6b48857fd91f18be0617e18fc
449,398,cd9f929c5b0a9ae549c9845b9e2e6dcb7b182a86
450,399,cd9f929c5b0a9ae549c9845b9e2e6dcb7b182a86
451,400,cd9f929c5b0a9ae549c9845b9e2e6dcb7b182a86
452,401,cd9f929c5b0a9ae549c9845b9e2e6dcb7b182a86
453,402,cd9f929c5b0a9ae549c9845b9e2e6dcb7b182a86
454,403,d33c7bcf61fd615a4ecaebb345e10480c4464db5
455,404,d33c7bcf61fd615a4ecaebb345e10480c4464db5
456,405,d33c7bcf61fd615a4ecaebb345e10480c4464db5
457,406,d33c7bcf61fd615a4ecaebb345e10480c4464db5
458,407,d33c7bcf61fd615a4ecaebb345e10480c4464db5
459,408,d3ec38ac44a251dda528a65c8cbef4efebdebcc2
460,409,d3ed288950c1cee41f1b879af43663d87c014076
461,410,d9c990a94c725b8d112ba02897988b7400100ce3
462,411,d9c990a94c725b8d112ba02897988b7400100ce3
463,412,dc6254f1bfec6bb2a657fb618f93cecda23c16d8
464,413,e1304d1e930c2845d729564567f61f0881f62fd8
465,414,e6063bb10d6d41cb2b258540bb47edbd18b4646b
466,415,e6063bb10d6d41cb2b258540bb47edbd18b4646b
467,416,e6f40627657f5019c674263079a75adcc8d18ec1
468,417,e6f40627657f5019c674263079a75adcc8d18ec1
469,418,e6f40627657f5019c674263079a75adcc8d18ec1
470,419,e6f40627657f5019c674263079a75adcc8d18ec1
471,420,e6f40627657f5019c674263079a75adcc8d18ec1
472,421,e7fcff9bc45ca906e4dc1886857fa435b3996d7b
473,422,e7fcff9bc45ca906e4dc1886857fa435b3996d7b
474,423,ea17b387d9d23cdaefd18a6a4508f9e1b2515f67
475,424,f485bf1de9d782fc14b8b397bc7cce84c4609764
476,425,f485bf1de9d782fc14b8b397bc7cce84c4609764
477,426,f88d6ca56206a2c1f9e644ffda62ea32b3b5a584
478,427,fb3a94fcf7fe7aaf87642f436ca52d7afc8ec417
479,428,fb3a94fcf7fe7aaf87642f436ca52d7afc8ec417
480,429,fb3a94fcf7fe7aaf87642f436ca52d7afc8ec417
481,430,fc4af07a0809e462b759c4e361810a986333448d
482,431,fc4af07a0809e462b759c4e361810a986333448d
483,432,fc4af07a0809e462b759c4e361810a986333448d
484,433,fc4af07a0809e462b759c4e361810a986333448d
485,434,fc4af07a0809e462b759c4e361810a986333448d
486,435,fc4af07a0809e462b759c4e361810a986333448d
487,436,fc4af07a0809e462b759c4e361810a986333448d
488,437,fc4af07a0809e462b759c4e361810a986333448d
489,438,fc4af07a0809e462b759c4e361810a986333448d
490,0,00c9dd117b4b3279c4f48238948005994c90a491
491,1,00c9dd117b4b3279c4f48238948005994c90a491
492,2,00c9dd117b4b3279c4f48238948005994c90a491
493,3,013cfdf9bca71a1d57d5bcd360ebacd5c8949b82
494,4,01b62fe389978248ae0b67779d0949bc8dc7d978
495,5,027ffd4f5ca19885015d3666e9a45dffc12315a7
496,6,027ffd4f5ca19885015d3666e9a45dffc12315a7
497,7,027ffd4f5ca19885015d3666e9a45dffc12315a7
498,8,027ffd4f5ca19885015d3666e9a45dffc12315a7
499,9,027ffd4f5ca19885015d3666e9a45dffc12315a7
500,10,028e521347b94fa8e19aa7bbc20feb2fd2331e4e
501,11,028e521347b94fa8e19aa7bbc20feb2fd2331e4e
502,12,0393fbf3112e9f78e6b0ed278dfc1e3b7ff5465a
503,13,03e7e6b28b7f1bba1b730519bb61996c89e3e7f1
504,14,03e7e6b28b7f1bba1b730519bb61996c89e3e7f1
505,15,0462bcf9d6114fe7d710cbf0c439b6bbf4c09ac3
506,16,04ec1abe8d9b31cc7d22a65a673bfa767baac76d
507,17,04ec1abe8d9b31cc7d22a65a673bfa767baac76d
508,18,04ec1abe8d9b31cc7d22a65a673bfa767baac76d
509,19,04ec1abe8d9b31cc7d22a65a673bfa767baac76d
510,20,04ec1abe8d9b31cc7d22a65a673bfa767baac76d
511,21,04ec1abe8d9b31cc7d22a65a673bfa767baac76d
512,22,0521b53010ada58fe16a8889699018b764ce28a4
513,23,05fa8b0d1d195f337bd386fbe09848b811b9f5f3
514,24,06e95fe7e2c9b2871b225683d03674838d0949cf
515,25,070661b6047ed8f97487c099c209799e2789ab1e
516,26,070661b6047ed8f97487c099c209799e2789ab1e
517,27,07ccdff85b7720fe3031226708a486b44f1ca435
518,28,07ccdff85b7720fe3031226708a486b44f1ca435
519,29,07ccdff85b7720fe3031226708a486b44f1ca435
520,30,07ccdff85b7720fe3031226708a486b44f1ca435
521,31,07ccdff85b7720fe3031226708a486b44f1ca435
522,32,080b56211c132b544ef98e7b19d6bb36206b6c11
523,33,0837933af263b2d1b6f8911d464328ff4777f860
524,34,086fbae14e8f24bd61de5dd44191cc4063ff439e
525,35,086fbae14e8f24bd61de5dd44191cc4063ff439e
526,36,086fbae14e8f24bd61de5dd44191cc4063ff439e
527,37,086fbae14e8f24bd61de5dd44191cc4063ff439e
528,38,086fbae14e8f24bd61de5dd44191cc4063ff439e
529,39,088cfdfa83c20c8741f71e7788a94046b50bf822
530,40,0940629681ab8be845879b380c10ed37ddc17d6f
531,41,096ae918d9daab733cbb9b6fa2593bc5d921daea
532,42,096ae918d9daab733cbb9b6fa2593bc5d921daea
533,43,096ae918d9daab733cbb9b6fa2593bc5d921daea
534,44,0cc0041bafe78a7164202e2684fa4fec8d993778
535,45,0ee86ce2d94272b9f8031f0e033a304edce5b115
536,46,0ee86ce2d94272b9f8031f0e033a304edce5b115
537,47,0f5a8f4195c47d2779d114e61928504e8c092624
538,48,0f5a8f4195c47d2779d114e61928504e8c092624
539,49,0f5a8f4195c47d2779d114e61928504e8c092624
540,50,0faba1790340d6ad5c1cc1909b200783a97ba1d3
541,51,0faba1790340d6ad5c1cc1909b200783a97ba1d3
542,52,0fb6e05e3f979b4bcdd089d6cf3817ce5b8e916b
543,53,0fb6e05e3f979b4bcdd089d6cf3817ce5b8e916b
544,54,0fb6e05e3f979b4bcdd089d6cf3817ce5b8e916b
545,55,0fb6e05e3f979b4bcdd089d6cf3817ce5b8e916b
546,56,0fb6e05e3f979b4bcdd089d6cf3817ce5b8e916b
547,57,0fb6e05e3f979b4bcdd089d6cf3817ce5b8e916b
548,58,0fb6e05e3f979b4bcdd089d6cf3817ce5b8e916b
549,59,0fb6e05e3f979b4bcdd089d6cf3817ce5b8e916b
550,60,1008c3fe7180de999844e64f3ef43011aa68b8f7
551,61,1088ffe9b1b3fb26b7d05327318610f34831a8f6
552,62,10fde6239b0da6af1a22431a92aeafb3f8dbd715
553,63,146f9e8b3025bd4f59b2ac0c254ede8e03a2ce29
554,64,146f9e8b3025bd4f59b2ac0c254ede8e03a2ce29
555,65,15051bf50b0d199e702452a6716474aaeb14724a
556,66,1652eb67423503c807c0e94c86a4efd77e6d933d
557,67,1652eb67423503c807c0e94c86a4efd77e6d933d
558,68,1652eb67423503c807c0e94c86a4efd77e6d933d
559,69,17ee82b9f1d44d8ac9082a5669849de61326a2c8
560,70,18629ac442e6ae7ea27f40cf55e325384816de4a
561,71,18fa600b4cc79c68315768092a1dcf5b6b89b507
562,72,1a4ec7374f2a3d80a6a4e105e34ab2aca9f5870f
563,73,1abac1921f35b08bd84fa50e5092fb781fb392ad
564,74,1abac1921f35b08bd84fa50e5092fb781fb392ad
565,75,1abac1921f35b08bd84fa50e5092fb781fb392ad
566,76,1ae89e3b7badfe39a49dc3d6b1b03d40544cea90
567,77,1be7578b7b275ce2b740ac0718c8154481532ba1
568,78,1be7578b7b275ce2b740ac0718c8154481532ba1
569,79,1be7578b7b275ce2b740ac0718c8154481532ba1
570,80,1c2fa226d03cd2cab86cfcbe5f29f5a8da8e936b
571,81,1db8e9a09a8fe5243a0d3ad1df9ff035499bf069
572,82,1e001a8a2904153f9e8212de4e3632c1b9ea46bb
573,83,1e0fc1d4a6496c233388a6655af7c93342b34908
574,84,1f66eafa87fb41a9a80a90bc3b5a831edf7f0f3e
575,85,1fd8e5f7dd9c8f9a0e025e7c64c9701e4a6f3c6c
576,86,21997c05e332eb8668cc28d6e758fa9da350cd56
577,87,21997c05e332eb8668cc28d6e758fa9da350cd56
578,88,2360c34b336be959bc2270ea4181756d829ecf01
579,89,237a9370d8b24027200e13301a1653ba0c29c2ad
580,90,2387c6ea8611f9c4eef74d569c37182ee2b13f83
581,91,2393dc04fd21df80b9cb0ab990799c2b933de4ef
582,92,2393dc04fd21df80b9cb0ab990799c2b933de4ef
583,93,23e9495b78f5b636a9c7927d87aa32c2e791e1e2
584,94,2578e39b7e2dc09e68d5ecd0b487f627b425205e
585,95,26c34ba7f398e73a01baeaee27a64ff40260647c
586,96,26c34ba7f398e73a01baeaee27a64ff40260647c
587,97,29aef5ef14ae240937150b17dacc0854e0e02ea1
588,98,2a65e7d16f3d49d6886bf728564c2d9ccf4b59e1
589,99,2b2c80e40c6113c5be6071d35f7d8036fc7be15e
590,100,2b4b72673a83a30aa7e748142f7fd248f2175924
591,101,2bad12b7dcb4f84360d6c45642491544b88e53e7
592,102,2c54b0f6165e28cafa57a7bde1a825ddf4c53086
593,103,2c54b0f6165e28cafa57a7bde1a825ddf4c53086
594,104,2d75b966e82ac664399ad4dd63ac3469971fc137
595,105,2dfe1e8ea17c829ad097ac538af30649890d473b
596,106,2dfe1e8ea17c829ad097ac538af30649890d473b
597,107,3006b3255e50da1d578885f536fef479e80a5f9c
598,108,3069e40f9fb6a0fd8712ff5284d57618df70d336
599,109,33196cad46926e6bbf04318757b50ef9a36f3a10
600,110,35963cd70d11fbd43d8cf7fe6e1d4d0391792c19
601,111,35d64677001c9d063b69a95e9f974a73e4dac7a2
602,112,35ee915a1eb5d8bd959f9061f49258d95f1ce1ab
603,113,35fac6d98ba9bae854136b82807adaed48de1b63
604,114,35fac6d98ba9bae854136b82807adaed48de1b63
605,115,368247e9bff20569b941c574726abb1e5861b755
606,116,36eb4f67fdf3594aace4ce8a6ef6d986c39049ba
607,117,36eb4f67fdf3594aace4ce8a6ef6d986c39049ba
608,118,38414debca84c2f7f9dfd2c2884e04c822f228cc
609,119,38c90e5e885158e1b4cbae570b0a65f894b91f1e
610,120,3b029047078a82a8a8f8bc8a4215d5ef40d3817a
611,121,3b029047078a82a8a8f8bc8a4215d5ef40d3817a
612,122,3bfb79bfe048114be4e73eba3d6e9503583a2752
613,123,3bfb79bfe048114be4e73eba3d6e9503583a2752
614,124,3bfb79bfe048114be4e73eba3d6e9503583a2752
615,125,3bfb79bfe048114be4e73eba3d6e9503583a2752
616,126,3bfb79bfe048114be4e73eba3d6e9503583a2752
617,127,3bfb79bfe048114be4e73eba3d6e9503583a2752
618,128,3bfb79bfe048114be4e73eba3d6e9503583a2752
619,129,3cdcee71bcaede6322079af819328ca2f13b3f0e
620,130,3e1310755be871ec120633637f17afe3a439f4bc
621,131,3e14eb21a69eb4ab80810cfb36771609eba481f3
622,132,3e14eb21a69eb4ab80810cfb36771609eba481f3
623,133,3e99d724fa8393405491fbeab035a61a43f5aa8f
624,134,3f97c4ad18e12cf7957e72fae7b5075c8b571c97
625,135,3f9b3a4bc2131600685552db947c999d5f13c4f7
626,136,3f9b3a4bc2131600685552db947c999d5f13c4f7
627,137,3fc3ff3f13170bd63344aee47d80d6337abab264
628,138,3fc3ff3f13170bd63344aee47d80d6337abab264
629,139,40e422cbf0628ab04cd68508abd7f793c464b0cf
630,140,40e422cbf0628ab04cd68508abd7f793c464b0cf
631,141,40e422cbf0628ab04cd68508abd7f793c464b0cf
632,142,40e422cbf0628ab04cd68508abd7f793c464b0cf
633,143,4112e36060c6135d619654f64a30c9bf464612ea
634,144,4397d3d5482f1fada179e74fb7df03211ae58748
635,145,44bd54871648cf4cb57e9605995935a6d88e69d7
636,146,44bd54871648cf4cb57e9605995935a6d88e69d7
637,147,44bd54871648cf4cb57e9605995935a6d88e69d7
638,148,44bd54871648cf4cb57e9605995935a6d88e69d7
639,149,44bd54871648cf4cb57e9605995935a6d88e69d7
640,150,44bd54871648cf4cb57e9605995935a6d88e69d7
641,151,45b76860a2c2f3df8d2c690275edaeb6f0a04e30
642,152,461a06c84a46b8820b3bb6955b53c45f650bc1b9
643,153,461a06c84a46b8820b3bb6955b53c45f650bc1b9
644,154,461a06c84a46b8820b3bb6955b53c45f650bc1b9
645,155,463146243f3269f1687c63902a2f9c6ded13f0b8
646,156,463146243f3269f1687c63902a2f9c6ded13f0b8
647,157,463742ab0ada407592d58af772e4e39e0b5b38c7
648,158,4853d546a4f53ccc3a9d0b46a57b91143abdd682
649,159,4853d546a4f53ccc3a9d0b46a57b91143abdd682
650,160,4928d70b37436ed5519f14304b6bbd133f6621fc
651,161,4928d70b37436ed5519f14304b6bbd133f6621fc
652,162,495cb959b65e945e4c349ee9e47108595661bb1b
653,163,49f8d564123ec892ce4410ccf458c571be444142
654,164,4c742e4ae6cbdabb56955455a29df44f9daa3006
655,165,4c742e4ae6cbdabb56955455a29df44f9daa3006
656,166,4cc10993c45c22a5506583ae4fb69934b808cd8a
657,167,4fbee1e45d6117dc74d80d7b4014ad6656f46349
658,168,4fbee1e45d6117dc74d80d7b4014ad6656f46349
659,169,4fbee1e45d6117dc74d80d7b4014ad6656f46349
660,170,4fbee1e45d6117dc74d80d7b4014ad6656f46349
661,171,4fbee1e45d6117dc74d80d7b4014ad6656f46349
662,172,4fbee1e45d6117dc74d80d7b4014ad6656f46349
663,173,4fde20dc38cc0aa4e2af4b6876e1d7e7d0cced63
664,174,508bfba976662454b568852bf65cf68dcf1c58f0
665,175,50bb0a7027b7c68a1c24895d0eb7bbfa1f51caa2
666,176,5215e2e34652113558ada341743ebdd3bbcf62c2
667,177,5215e2e34652113558ada341743ebdd3bbcf62c2
668,178,5215e2e34652113558ada341743ebdd3bbcf62c2
669,179,537c689915aeb6e51c813257a57eae122bc88b97
670,180,53cc9e9410526c041d4c71a0b2bd9aba492340d2
671,181,53cc9e9410526c041d4c71a0b2bd9aba492340d2
672,182,53cc9e9410526c041d4c71a0b2bd9aba492340d2
673,183,53cc9e9410526c041d4c71a0b2bd9aba492340d2
674,184,557a5d47c311b27d00ba2ed18952bf1aeabd612e
675,185,55b7e670523de91477112c49fc081be3c507c136
676,186,55b7e670523de91477112c49fc081be3c507c136
677,187,565065c615e5142d3354ec3f81724967500cfbae
678,188,578e101b96929daf15ce87816e1c5c005a7616b1
679,189,578e101b96929daf15ce87816e1c5c005a7616b1
680,190,580843af917c4a3a0f00b1fce4075c412d9ec980
681,191,5826d96fd06efeb1cd6493c4e26d5cf5801ff3cc
682,192,5868b24bdc40b65d942765eb0d5e0c2362c0c304
683,193,5868b24bdc40b65d942765eb0d5e0c2362c0c304
684,194,59d77d15a2d6b6f5ed69e78fe9a00c49b34b4717
685,195,5a17b3bf49c74b10f1c17aaf9d477c23019bc762
686,196,5a17b3bf49c74b10f1c17aaf9d477c23019bc762
687,197,5a17b3bf49c74b10f1c17aaf9d477c23019bc762
688,198,5a17b3bf49c74b10f1c17aaf9d477c23019bc762
689,199,5a87a19d6758af65b5d09bdfcd1bbabc48b34d28
690,200,5d5b9d079f30a5de84393f5d6ea41279234e3a56
691,201,5dda5267a19c67df7045983627a2b245e84e57eb
692,202,5dfea87757582f1b5bcdecd0a4bfd9cd255d9b5d
693,203,5e5c3c1e2f31aed7ef8ffb0deeaff70bfb72a5ed
694,204,5e5c3c1e2f31aed7ef8ffb0deeaff70bfb72a5ed
695,205,5e5c3c1e2f31aed7ef8ffb0deeaff70bfb72a5ed
696,206,5e5c3c1e2f31aed7ef8ffb0deeaff70bfb72a5ed
697,207,5e5c3c1e2f31aed7ef8ffb0deeaff70bfb72a5ed
698,208,5e5c3c1e2f31aed7ef8ffb0deeaff70bfb72a5ed
699,209,5e5c3c1e2f31aed7ef8ffb0deeaff70bfb72a5ed
700,210,5e5c3c1e2f31aed7ef8ffb0deeaff70bfb72a5ed
701,211,5e5c3c1e2f31aed7ef8ffb0deeaff70bfb72a5ed
702,212,5e5c3c1e2f31aed7ef8ffb0deeaff70bfb72a5ed
703,213,5e5c3c1e2f31aed7ef8ffb0deeaff70bfb72a5ed
704,214,5e78b697c0d3693fe77a53c1d6820dcfef31fecc
705,215,5e78b697c0d3693fe77a53c1d6820dcfef31fecc
706,216,5e78b697c0d3693fe77a53c1d6820dcfef31fecc
707,217,6013b45580c70b49d67e2e47f4b1d3b9c0ff8d4f
708,218,609d1e8a2a693c89b7271bac5416285c00c0a88f
709,219,63285f402942e0181f99bb77307561b08e00b2ba
710,220,642a4decbd70e34a951f6f163bd49c9e98ef64bf
711,221,642a4decbd70e34a951f6f163bd49c9e98ef64bf
712,222,642a4decbd70e34a951f6f163bd49c9e98ef64bf
713,223,642a4decbd70e34a951f6f163bd49c9e98ef64bf
714,224,642a4decbd70e34a951f6f163bd49c9e98ef64bf
715,225,642a4decbd70e34a951f6f163bd49c9e98ef64bf
716,226,642a4decbd70e34a951f6f163bd49c9e98ef64bf
717,227,642a4decbd70e34a951f6f163bd49c9e98ef64bf
718,228,642a4decbd70e34a951f6f163bd49c9e98ef64bf
719,229,642a4decbd70e34a951f6f163bd49c9e98ef64bf
720,230,642a4decbd70e34a951f6f163bd49c9e98ef64bf
721,231,642a4decbd70e34a951f6f163bd49c9e98ef64bf
722,232,642a4decbd70e34a951f6f163bd49c9e98ef64bf
723,233,642a4decbd70e34a951f6f163bd49c9e98ef64bf
724,234,642a4decbd70e34a951f6f163bd49c9e98ef64bf
725,235,642a4decbd70e34a951f6f163bd49c9e98ef64bf
726,236,642a4decbd70e34a951f6f163bd49c9e98ef64bf
727,237,642a4decbd70e34a951f6f163bd49c9e98ef64bf
728,238,642a4decbd70e34a951f6f163bd49c9e98ef64bf
729,239,642a4decbd70e34a951f6f163bd49c9e98ef64bf
730,240,642a4decbd70e34a951f6f163bd49c9e98ef64bf
731,241,642a4decbd70e34a951f6f163bd49c9e98ef64bf
732,242,642a4decbd70e34a951f6f163bd49c9e98ef64bf
733,243,642a4decbd70e34a951f6f163bd49c9e98ef64bf
734,244,655498003ac3168d7005302c0db1a6ed66cf9259
735,245,655498003ac3168d7005302c0db1a6ed66cf9259
736,246,656547296beeccb5baa7413dc35b72aa2fe3d014
737,247,6619f6eb9f1d6ec6b3eed6d387d0e11d6b181e4b
738,248,6619f6eb9f1d6ec6b3eed6d387d0e11d6b181e4b
739,249,664fcb9d6797c7ab6a3b206cb00456625baaf88a
740,250,68ef49b6f7392875ecec3b4ce5367e63dae9b768
741,251,68ef49b6f7392875ecec3b4ce5367e63dae9b768
742,252,69b1b30333dd1a33887eaac207a91dca18805212
743,253,69b1b30333dd1a33887eaac207a91dca18805212
744,254,69b1b30333dd1a33887eaac207a91dca18805212
745,255,69d288ce295b8e6ebb44be1414027c1f6aef51be
746,256,6b8d064d2c700c53491b5be1ed9cac5d5b655d6b
747,257,6fd5c61ca71c0e2d5fe80bd480d3b24f8b642e1f
748,258,6fd5c61ca71c0e2d5fe80bd480d3b24f8b642e1f
749,259,707a632845d83354257c2183b3b9f34fadf0212b
750,260,707a632845d83354257c2183b3b9f34fadf0212b
751,261,70963d1da681ecad983d0c6a8b0cb9c29d2e59fe
752,262,727bc1ec3e3a8a3990784b162c514ef6eb5e30f3
753,263,72a6ef261eee46e5466526ad1d3f123067dab5c1
754,264,738169db8f3f2d81c9be616155a3b8647e2271e9
755,265,75923a0c230a60bc1116e5e5a3682d564f33ef28
756,266,75923a0c230a60bc1116e5e5a3682d564f33ef28
757,267,75923a0c230a60bc1116e5e5a3682d564f33ef28
758,268,75923a0c230a60bc1116e5e5a3682d564f33ef28
759,269,75edc7ad882447883e2e07d8aaed821249162a48
760,270,75edc7ad882447883e2e07d8aaed821249162a48
761,271,75edc7ad882447883e2e07d8aaed821249162a48
762,272,75edc7ad882447883e2e07d8aaed821249162a48
763,273,76e47c8e01bc911be2e1db6212573ad70667463e
764,274,77818a7dc83e501849645701ef2751499ce4aed7
765,275,77f033e8981a3f7e953a3bcd33a26a9607b0e79a
766,276,78279d2a2f7aaf50ecac8bb6cc8440e081c4609f
767,277,78279d2a2f7aaf50ecac8bb6cc8440e081c4609f
768,278,785a48c27d3ce77609aa0548c7045e415e83a8ea
769,279,78c6a0f0acd3324ed27b26eaca26d9896948c82e
770,280,7992ad6eeeaf71e32b24637065a9ec2107c7e2cd
771,281,7992ad6eeeaf71e32b24637065a9ec2107c7e2cd
772,282,7992ad6eeeaf71e32b24637065a9ec2107c7e2cd
773,283,7afb7aeb11a7dd64fd33fdd03cf99cd2900e3d07
774,284,7afb7aeb11a7dd64fd33fdd03cf99cd2900e3d07
775,285,7b048f11a06b7a7d50e9b8cce7e323cf05de40e3
776,286,7b048f11a06b7a7d50e9b8cce7e323cf05de40e3
777,287,7b048f11a06b7a7d50e9b8cce7e323cf05de40e3
778,288,7b048f11a06b7a7d50e9b8cce7e323cf05de40e3
779,289,7dc475924f49bcea2157ec11e6d2d27868db286e
780,290,7dc475924f49bcea2157ec11e6d2d27868db286e
781,291,7dc475924f49bcea2157ec11e6d2d27868db286e
782,292,7e210cdf15e2066ab5ebb3266c79d331cdab2a94
783,293,7e210cdf15e2066ab5ebb3266c79d331cdab2a94
784,294,7e210cdf15e2066ab5ebb3266c79d331cdab2a94
785,295,7e210cdf15e2066ab5ebb3266c79d331cdab2a94
786,296,7e210cdf15e2066ab5ebb3266c79d331cdab2a94
787,297,7e210cdf15e2066ab5ebb3266c79d331cdab2a94
788,298,7e41545e0ac2fb0b090e7fbbeed9145e08e5ea88
789,299,800bde8f8c244e42912c555c09e1504be1765e5a
790,300,81e10d751ebaf4609e06a6254e58230cc510f38f
791,301,81e10d751ebaf4609e06a6254e58230cc510f38f
792,302,842a857438eacfdaec8312a56f757989b841f8f9
793,303,8548e3b215f617fb84df84c5e5a30ef62de8063b
794,304,862ff5e257f8f00f1f897d5d2b9b6045cfd9e7e4
795,305,862ff5e257f8f00f1f897d5d2b9b6045cfd9e7e4
796,306,862ff5e257f8f00f1f897d5d2b9b6045cfd9e7e4
797,307,862ff5e257f8f00f1f897d5d2b9b6045cfd9e7e4
798,308,862ff5e257f8f00f1f897d5d2b9b6045cfd9e7e4
799,309,862ff5e257f8f00f1f897d5d2b9b6045cfd9e7e4
800,310,862ff5e257f8f00f1f897d5d2b9b6045cfd9e7e4
801,311,862ff5e257f8f00f1f897d5d2b9b6045cfd9e7e4
802,312,862ff5e257f8f00f1f897d5d2b9b6045cfd9e7e4
803,313,862ff5e257f8f00f1f897d5d2b9b6045cfd9e7e4
804,314,877aa8b8e1fe05a6c146379f93f92f5cd274ded1
805,315,87d29f24875f58ef33e33c7e6a13c42e96a49897
806,316,8a26445bda8257df9e754235fab41939084094c7
807,317,8a26445bda8257df9e754235fab41939084094c7
808,318,8a424e815ddd465f32e56ac01a483372600e524c
809,319,8a424e815ddd465f32e56ac01a483372600e524c
810,320,8a424e815ddd465f32e56ac01a483372600e524c
811,321,8a424e815ddd465f32e56ac01a483372600e524c
812,322,8a424e815ddd465f32e56ac01a483372600e524c
813,323,8a7a42e6b8646f17aa9534232b028c09e23465c8
814,324,8b4caccc85bab3a27f4303e40253ee0b8677b856
815,325,8bc21582a61220465799ccef5376c52b6531bdf9
816,326,8be537d79fbe03e8577105f3c30ddeea7f44deff
817,327,8c0778ed279e93806878e519e5e3d93caa370ced
818,328,8c0778ed279e93806878e519e5e3d93caa370ced
819,329,8c842ff501647d630b4e45645008001bf937b5a7
820,330,8c842ff501647d630b4e45645008001bf937b5a7
821,331,8d3f48a6e73d7d9a88ce001599dfbe12a8af64d7
822,332,8d75800ce1bf2feef5c32477d87aa1f48548ad0a
823,333,8e2b3abd06e9a7f6ad37f46cab779c7ceacf09ee
824,334,8e2e47c50d96f8e3f121ebaa058cae75f3d40456
825,335,8e2e47c50d96f8e3f121ebaa058cae75f3d40456
826,336,8e5728b41648919a18695b8e335e933379713910
827,337,8f65b388098679ac7d0e4031ed94aec61a2d07ad
828,338,8f65b388098679ac7d0e4031ed94aec61a2d07ad
829,339,8f65b388098679ac7d0e4031ed94aec61a2d07ad
830,340,8f65b388098679ac7d0e4031ed94aec61a2d07ad
831,341,8f65b388098679ac7d0e4031ed94aec61a2d07ad
832,342,8f65b388098679ac7d0e4031ed94aec61a2d07ad
833,343,8f65b388098679ac7d0e4031ed94aec61a2d07ad
834,344,8f65b388098679ac7d0e4031ed94aec61a2d07ad
835,345,8f65b388098679ac7d0e4031ed94aec61a2d07ad
836,346,8f65b388098679ac7d0e4031ed94aec61a2d07ad
837,347,8f65b388098679ac7d0e4031ed94aec61a2d07ad
838,348,9073a169cd030fe4cc663237097737195c8da165
839,349,92168f2c1adb1c5487d17fb2b4506813a69c5e65
840,350,92489a09e397a7f47fdd9c0b85292fe50159d384
841,351,92489a09e397a7f47fdd9c0b85292fe50159d384
842,352,924f815335de54b5abd39e72f57e1d90847a26f3
843,353,924f815335de54b5abd39e72f57e1d90847a26f3
844,354,924f815335de54b5abd39e72f57e1d90847a26f3
845,355,9304a07a48012b42b1d04134de656a0d50cff704
846,356,93295c6141ed48e63782ce1fe871b14e009a1735
847,357,93295c6141ed48e63782ce1fe871b14e009a1735
848,358,93295c6141ed48e63782ce1fe871b14e009a1735
849,359,932c31abfd10ef197564153064cd497b48b46e0d
850,360,932c31abfd10ef197564153064cd497b48b46e0d
851,361,932c31abfd10ef197564153064cd497b48b46e0d
852,362,9337cab15ae891477ce9722bc499e55aae70598e
853,363,9337cab15ae891477ce9722bc499e55aae70598e
854,364,9337cab15ae891477ce9722bc499e55aae70598e
855,365,9337cab15ae891477ce9722bc499e55aae70598e
856,366,9337cab15ae891477ce9722bc499e55aae70598e
857,367,9337cab15ae891477ce9722bc499e55aae70598e
858,368,9337cab15ae891477ce9722bc499e55aae70598e
859,369,93f6a1c1d539934cd4fc15989ba88c1d66419460
860,370,9401ff789334de769c06e63a56a7ccb45e87e44e
861,371,94427fff94ec7645ac4fd096702769ae704a7999
862,372,94427fff94ec7645ac4fd096702769ae704a7999
863,373,94c51c2418076baefc5fa03f3740d4e9d5659ac3
864,374,94c51c2418076baefc5fa03f3740d4e9d5659ac3
865,375,95c010cbf4c85518decb6bd88cb885651c494394
866,376,95c010cbf4c85518decb6bd88cb885651c494394
867,377,95c010cbf4c85518decb6bd88cb885651c494394
868,378,95c010cbf4c85518decb6bd88cb885651c494394
869,379,95c010cbf4c85518decb6bd88cb885651c494394
870,380,95c010cbf4c85518decb6bd88cb885651c494394
871,381,970371ba5f68293033319112aad6c20532266a6b
872,382,974edecc9709e1c98a994354ddebfd60e938db30
873,383,974edecc9709e1c98a994354ddebfd60e938db30
874,384,982873758df812c32a3991a2a7e66c3e87b662ea
875,385,982873758df812c32a3991a2a7e66c3e87b662ea
876,386,98c7b20ad85cbc57c4f00419241b303c5df8b2d8
877,387,99594f739c8697741637ad95aeef8925953af44d
878,388,99868947286eb090fff47d0027597dcf3ef707d2
879,389,99868947286eb090fff47d0027597dcf3ef707d2
880,390,99868947286eb090fff47d0027597dcf3ef707d2
881,391,99868947286eb090fff47d0027597dcf3ef707d2
882,392,9a5515e235b836664edcc0eb9b00875a05770860
883,393,9a75cac239f825c080dd471c8fb92a514515970d
884,394,9e83637a619b1ebbaef8085b00b123f58fd9c66e
885,395,9e83637a619b1ebbaef8085b00b123f58fd9c66e
886,396,9e83637a619b1ebbaef8085b00b123f58fd9c66e
887,397,9e83637a619b1ebbaef8085b00b123f58fd9c66e
888,398,9e83637a619b1ebbaef8085b00b123f58fd9c66e
889,399,9e83637a619b1ebbaef8085b00b123f58fd9c66e
890,400,9e83637a619b1ebbaef8085b00b123f58fd9c66e
891,401,9e83637a619b1ebbaef8085b00b123f58fd9c66e
892,402,9e83637a619b1ebbaef8085b00b123f58fd9c66e
893,403,9e83637a619b1ebbaef8085b00b123f58fd9c66e
894,404,9e8b525df078f9a07358546f7eefe8bef34c4673
895,405,9e8b525df078f9a07358546f7eefe8bef34c4673
896,406,9ed26cc3e07b19d289351ebaf570a0215ed7b8dd
897,407,9fc7ff7f9382621f7538542111d0bf10399eab8b
898,408,a05ddbc4c8549ac9e214e76566e25bc0c3725846
899,409,a05ddbc4c8549ac9e214e76566e25bc0c3725846
900,410,a05ddbc4c8549ac9e214e76566e25bc0c3725846
901,411,a0b7a9c850999d53579111abe438bb47261e183c
902,412,a0b7a9c850999d53579111abe438bb47261e183c
903,413,a0b7a9c850999d53579111abe438bb47261e183c
904,414,a42ae3a926faa7fd5486e5aab9e17813b5699706
905,415,a42ae3a926faa7fd5486e5aab9e17813b5699706
906,416,a42ae3a926faa7fd5486e5aab9e17813b5699706
907,417,a42ae3a926faa7fd5486e5aab9e17813b5699706
908,418,a42ae3a926faa7fd5486e5aab9e17813b5699706
909,419,a42ae3a926faa7fd5486e5aab9e17813b5699706
910,420,a42ae3a926faa7fd5486e5aab9e17813b5699706
911,421,a42ae3a926faa7fd5486e5aab9e17813b5699706
912,422,a42ae3a926faa7fd5486e5aab9e17813b5699706
913,423,a42ae3a926faa7fd5486e5aab9e17813b5699706
914,424,a42ae3a926faa7fd5486e5aab9e17813b5699706
915,425,a42ae3a926faa7fd5486e5aab9e17813b5699706
916,426,a42ae3a926faa7fd5486e5aab9e17813b5699706
917,427,a42ae3a926faa7fd5486e5aab9e17813b5699706
918,428,a42ae3a926faa7fd5486e5aab9e17813b5699706
919,429,a42ae3a926faa7fd5486e5aab9e17813b5699706
920,430,a42ae3a926faa7fd5486e5aab9e17813b5699706
921,431,a42ae3a926faa7fd5486e5aab9e17813b5699706
922,432,a42ae3a926faa7fd5486e5aab9e17813b5699706
923,433,a42ae3a926faa7fd5486e5aab9e17813b5699706
924,434,a42ae3a926faa7fd5486e5aab9e17813b5699706
925,435,a42ae3a926faa7fd5486e5aab9e17813b5699706
926,436,a48f62bef4d2405c0db9312759964d75eb323573
927,437,a48f62bef4d2405c0db9312759964d75eb323573
928,438,a58ea415b5fa5807f543f3ca1877cf3059bc7124
929,439,a6bc879bf89ee747173c6d25962f57e0ef9f039e
930,440,a6bc879bf89ee747173c6d25962f57e0ef9f039e
931,441,a6bc879bf89ee747173c6d25962f57e0ef9f039e
932,442,a722f95f762d448fc107a294f0b70f0b1dcd87c4
933,443,a76f41a6ad6fea11d297db5329fc9388fb743735
934,444,a76f41a6ad6fea11d297db5329fc9388fb743735
935,445,a76f41a6ad6fea11d297db5329fc9388fb743735
936,446,aa45fa28c73db3660a26c4773f34afa42e5b2109
937,447,aae78cc335e280414fd1c69b7ea30425074b69fe
938,448,aae78cc335e280414fd1c69b7ea30425074b69fe
939,449,aaeb339540a0106e3e374d6215cbb04686987161
940,450,aafe61f2a84b47a0679bab3bebb05086aae691e9
941,451,aafe61f2a84b47a0679bab3bebb05086aae691e9
942,452,abb5161696f760f24701a9cc4093c597e4cb6f41
943,453,acaa3d69828491ff07bb1167562bdcf1e6d30e5b
944,454,acaa3d69828491ff07bb1167562bdcf1e6d30e5b
945,455,ae0e680a0f9dfed1ee5f57fe224c44f01bff82ca
946,456,aef2164f8c39de31bb6aa31c95319002871fa684
947,457,b0ee7c6bf2ce5e9f4cb8902c95446df15169e2db
948,458,b0ee7c6bf2ce5e9f4cb8902c95446df15169e2db
949,459,b0ee7c6bf2ce5e9f4cb8902c95446df15169e2db
950,460,b0ee7c6bf2ce5e9f4cb8902c95446df15169e2db
951,461,b0ee7c6bf2ce5e9f4cb8902c95446df15169e2db
952,462,b0ee7c6bf2ce5e9f4cb8902c95446df15169e2db
953,463,b0ee7c6bf2ce5e9f4cb8902c95446df15169e2db
954,464,b0ee7c6bf2ce5e9f4cb8902c95446df15169e2db
955,465,b0ee7c6bf2ce5e9f4cb8902c95446df15169e2db
956,466,b0ee7c6bf2ce5e9f4cb8902c95446df15169e2db
957,467,b0ee7c6bf2ce5e9f4cb8902c95446df15169e2db
958,468,b0ee7c6bf2ce5e9f4cb8902c95446df15169e2db
959,469,b0ee7c6bf2ce5e9f4cb8902c95446df15169e2db
960,470,b0ee7c6bf2ce5e9f4cb8902c95446df15169e2db
961,471,b0ee7c6bf2ce5e9f4cb8902c95446df15169e2db
962,472,b0ee7c6bf2ce5e9f4cb8902c95446df15169e2db
963,473,b0ee7c6bf2ce5e9f4cb8902c95446df15169e2db
964,474,b18bb9385ec3998e2ed812b16b741c0303f7bc4e
965,475,b1954a04c72706c8d4cf5af945366d3226e88f61
966,476,b224242f7d4524f96c95cc62d196d0ae81a9da63
967,477,b224242f7d4524f96c95cc62d196d0ae81a9da63
968,478,b23de4591b9b6257ef15e13ad638f8265a377923
969,479,b23de4591b9b6257ef15e13ad638f8265a377923
970,480,b23de4591b9b6257ef15e13ad638f8265a377923
971,481,b27e8989263db38b08071d863a4a16efea6d0a9e
972,482,b3cf5dd1dc4311260d12a051253b4abdb43acfa2
973,483,b4eaeb2de711e881ffb34fe288637b37a25e6795
974,484,b68e8cb7209fcd68bf13e965e2b6f98ffd4b0bb2
975,485,b68e8cb7209fcd68bf13e965e2b6f98ffd4b0bb2
976,486,b68e8cb7209fcd68bf13e965e2b6f98ffd4b0bb2
977,487,b763f5499056e004d9260d5e074e4558dfdb58ce
978,488,b8974e0c0268dfd65dc4070e9b1303e6b3c0aa03
979,489,b939b3d3df5c1a1b3ebabc66e2320299ca92c87e
980,490,b939b3d3df5c1a1b3ebabc66e2320299ca92c87e
981,491,b98cc4d6e5188857fe8da4dc85f100107b22646f
982,492,b9d8c1ec18e8f3f7b3197e22d9115b1a007f6f4e
983,493,b9d8c1ec18e8f3f7b3197e22d9115b1a007f6f4e
984,494,bb91c9d185610c65d16fc6ed6ae169666f66f075
985,495,bb91c9d185610c65d16fc6ed6ae169666f66f075
986,496,bdb01a370ef66d9791de15e7c45e3552ff94e5ac
987,497,bdb01a370ef66d9791de15e7c45e3552ff94e5ac
988,498,be2464f1cd9924019524fe8c44c6b32482e6472b
989,499,be2464f1cd9924019524fe8c44c6b32482e6472b
990,500,be2464f1cd9924019524fe8c44c6b32482e6472b
991,501,be63664a9f8ace7b8dc34304f0b1feb7bf7b5c3d
992,502,bf049d14ef8377174ffd6aad58fe6a6315353f4d
993,503,bf049d14ef8377174ffd6aad58fe6a6315353f4d
994,504,bf049d14ef8377174ffd6aad58fe6a6315353f4d
995,505,bf049d14ef8377174ffd6aad58fe6a6315353f4d
996,506,bf049d14ef8377174ffd6aad58fe6a6315353f4d
997,507,bf049d14ef8377174ffd6aad58fe6a6315353f4d
998,508,c299cccb2f4aa4e023d30004bfda1af63ddec0fc
999,509,c299cccb2f4aa4e023d30004bfda1af63ddec0fc
1000,510,c299cccb2f4aa4e023d30004bfda1af63ddec0fc
1001,511,c299cccb2f4aa4e023d30004bfda1af63ddec0fc
1002,512,c299cccb2f4aa4e023d30004bfda1af63ddec0fc
1003,513,c3251e6ce462cf6230d575e78b4ec822d66d45fa
1004,514,c46ebfb6b0b0ca14505cb6281d78d48f0632371c
1005,515,c46ebfb6b0b0ca14505cb6281d78d48f0632371c
1006,516,c46ebfb6b0b0ca14505cb6281d78d48f0632371c
1007,517,c46ebfb6b0b0ca14505cb6281d78d48f0632371c
1008,518,c46ebfb6b0b0ca14505cb6281d78d48f0632371c
1009,519,c50950e1964fe4d2fb8a95073f6def9dd2edfbc9
1010,520,c56bf56d1cbf44dce6de7cf5681bf968a700cdcd
1011,521,c56bf56d1cbf44dce6de7cf5681bf968a700cdcd
1012,522,c5f427db5ebae784c6e0dfc5af34b1ff35d18bb6
1013,523,c5f65341ac1bac1b391f095d5268dc561ed77c57
1014,524,c5f65341ac1bac1b391f095d5268dc561ed77c57
1015,525,c5f65341ac1bac1b391f095d5268dc561ed77c57
1016,526,c656ee3e2ca87287a12fda6479a2ab281910d97e
1017,527,c79a4668e46bc8b2713be1e3a87dd9213cb215de
1018,528,c79a4668e46bc8b2713be1e3a87dd9213cb215de
1019,529,c79a4668e46bc8b2713be1e3a87dd9213cb215de
1020,530,c79a4668e46bc8b2713be1e3a87dd9213cb215de
1021,531,c79a4668e46bc8b2713be1e3a87dd9213cb215de
1022,532,c79a4668e46bc8b2713be1e3a87dd9213cb215de
1023,533,c79a4668e46bc8b2713be1e3a87dd9213cb215de
1024,534,c79a4668e46bc8b2713be1e3a87dd9213cb215de
1025,535,c79a4668e46bc8b2713be1e3a87dd9213cb215de
1026,536,c79a4668e46bc8b2713be1e3a87dd9213cb215de
1027,537,c964ed099440baee15e8c0f3c417b1d04a6cca6c
1028,538,c964ed099440baee15e8c0f3c417b1d04a6cca6c
1029,539,c964ed099440baee15e8c0f3c417b1d04a6cca6c
1030,540,c964ed099440baee15e8c0f3c417b1d04a6cca6c
1031,541,cb1fec64391abccaaec8a08660932ed7c5f735d8
1032,542,cb1fec64391abccaaec8a08660932ed7c5f735d8
1033,543,cc8a2962c0eb9032151d054bf8efb5efdea63ac4
1034,544,cd3d430fef1d173915bf8dc488ddabca3283ce46
1035,545,cda32f4bd33bd7690c86bfae0154d4b34550016d
1036,546,ced3c9200e7e5a36fe0b6d42ef9eaac6e35b80f6
1037,547,ced3c9200e7e5a36fe0b6d42ef9eaac6e35b80f6
1038,548,ced3c9200e7e5a36fe0b6d42ef9eaac6e35b80f6
1039,549,cf158dbe1c25879ec443f1a0b54d190a069a7465
1040,550,cf748bdb574eab887853c6f9185104439ecbd953
1041,551,d1053efb91cf78c7dc8de35a34314b21034dbf14
1042,552,d13ea3dd2b2a3ad1607a20ceeffe0922665c80a6
1043,553,d18d5272f2d4bf868f5e24fa569104d66480cc65
1044,554,d1d2536247e2826be47cd915dd99588af386490a
1045,555,d1d48a59cd240825f0844728ce24387db8986406
1046,556,d27e8cca07d803328d3aa6194922ea0911554931
1047,557,d27e8cca07d803328d3aa6194922ea0911554931
1048,558,d386002b7bbd540d1427a2d1380885f53848b23f
1049,559,d43afa992c1032ab77b3bc59da7db4efaa94bd91
1050,560,d43afa992c1032ab77b3bc59da7db4efaa94bd91
1051,561,d513a66ec862b2530089c0a78a72a87d150d3214
1052,562,d6e45d35ca6dec6f59e427aac5f49ebce9ee65d0
1053,563,d7a9f27c78b0b5123ca9995352cba458aefcc95a
1054,564,d7a9f27c78b0b5123ca9995352cba458aefcc95a
1055,565,d7a9f27c78b0b5123ca9995352cba458aefcc95a
1056,566,d7a9f27c78b0b5123ca9995352cba458aefcc95a
1057,567,d7a9f27c78b0b5123ca9995352cba458aefcc95a
1058,568,d7a9f27c78b0b5123ca9995352cba458aefcc95a
1059,569,d7a9f27c78b0b5123ca9995352cba458aefcc95a
1060,570,d7a9f27c78b0b5123ca9995352cba458aefcc95a
1061,571,d8acb5a88d3b4f9bf085758a3c726fa8906999be
1062,572,d91d3882cea093218f58fee8862ecbeb12c2a402
1063,573,d960d9c401fa65fd6a8cab82db4957774b4dba24
1064,574,d9abbd8a7569b755c74c597180f3ecedd36f638c
1065,575,d9d9546f49a34805d7dfb25005e91032cc2c9bc2
1066,576,d9d9546f49a34805d7dfb25005e91032cc2c9bc2
1067,577,da21c0e578a879624f1535f02484df2d1750576a
1068,578,db214b33e4d7c1aafe1356f5fbe6d80632d2beb8
1069,579,db48fa333fbfca35cd0598443be72dfaff148c44
1070,580,db48fa333fbfca35cd0598443be72dfaff148c44
1071,581,dde0edabac6752fe5167b11b31df6835f84578e7
1072,582,dde9ab8c54a7970ed0c0b4e64c26d743302daa90
1073,583,de1e8b9611845e161cfe989351fb48012c750e3b
1074,584,de1e8b9611845e161cfe989351fb48012c750e3b
1075,585,e0100c629e6cf27132f29406e8e1a3daee5417da
1076,586,e0100c629e6cf27132f29406e8e1a3daee5417da
1077,587,e0943569af1cbdda8d21c97ffae780a79965fc49
1078,588,e0ed4758f250aba46b84fe7c93f54c60af1fe315
1079,589,e0ed4758f250aba46b84fe7c93f54c60af1fe315
1080,590,e0ed4758f250aba46b84fe7c93f54c60af1fe315
1081,591,e0ed4758f250aba46b84fe7c93f54c60af1fe315
1082,592,e0ed4758f250aba46b84fe7c93f54c60af1fe315
1083,593,e0ed4758f250aba46b84fe7c93f54c60af1fe315
1084,594,e0ed4758f250aba46b84fe7c93f54c60af1fe315
1085,595,e24bea0db2d76e7113dfaaf7c7ec77f2a5b30507
1086,596,e36d20de2027a20578d47e37535743ff57749bc2
1087,597,e36d20de2027a20578d47e37535743ff57749bc2
1088,598,e36d20de2027a20578d47e37535743ff57749bc2
1089,599,e4a9e17ff98278d2ced4513ccdaecbea40e862e8
1090,600,e4a9e17ff98278d2ced4513ccdaecbea40e862e8
1091,601,e502366937b93e09a6aba4ca8821fdc50ac2d874
1092,602,e54ccbf44232a00bf27a7e85d5d586b4aafd716f
1093,603,e54ccbf44232a00bf27a7e85d5d586b4aafd716f
1094,604,e6977db4001dff75955f9358a66720e9db0929ee
1095,605,e6977db4001dff75955f9358a66720e9db0929ee
1096,606,e6977db4001dff75955f9358a66720e9db0929ee
1097,607,e77f55c625d9545989309e1a1f82ee9f4d249c40
1098,608,ea9e6a8ac1d51d4c2808f932ef82ff916c5de86f
1099,609,ebd7e5879065bf7439588703284b7a5eb64e1eab
1100,610,ebe505ba4f0ff522aefd23de279a8b1763c49d76
1101,611,ec14db605e6be11bc9f2cb9bb002225a241e1c9c
1102,612,ec14db605e6be11bc9f2cb9bb002225a241e1c9c
1103,613,ec14db605e6be11bc9f2cb9bb002225a241e1c9c
1104,614,ec1da452efe3b8546608f429dc4199a19bfdbe1f
1105,615,ec381768abef898c95f86293f89076c57e4dee35
1106,616,ec64a55825d1ab518a7cf46c5e5600b91351b5da
1107,617,ee2d104ab6ff0a14694a8faa9944fba942c96e56
1108,618,ee52efa920071b703719f315868cf69b030fa3cb
1109,619,ee60d9c64ae4368bf4e5271572816c48f2989be2
1110,620,ee60d9c64ae4368bf4e5271572816c48f2989be2
1111,621,ee60d9c64ae4368bf4e5271572816c48f2989be2
1112,622,ee713fd839e2c4cbac623fb7623ac4c54c459979
1113,623,eebddfd4e62abc12b9ce2b2934eba1152111054f
1114,624,eebddfd4e62abc12b9ce2b2934eba1152111054f
1115,625,eebddfd4e62abc12b9ce2b2934eba1152111054f
1116,626,eebddfd4e62abc12b9ce2b2934eba1152111054f
1117,627,eebddfd4e62abc12b9ce2b2934eba1152111054f
1118,628,eebddfd4e62abc12b9ce2b2934eba1152111054f
1119,629,eebddfd4e62abc12b9ce2b2934eba1152111054f
1120,630,eebddfd4e62abc12b9ce2b2934eba1152111054f
1121,631,ef3bb6f61d5f0671c593070bccb8e87ae4e8eab9
1122,632,ef9da4be2c8ab29252b3fa10c05c44bdcc3cf844
1123,633,ef9da4be2c8ab29252b3fa10c05c44bdcc3cf844
1124,634,efad33d2512619fe72144085a64ec6f2907c105a
1125,635,efe5943c08fc312ac810c178e6a5342912e86223
1126,636,f05d561eb61e4c0ae1c51f9574e446085840ed2a
1127,637,f05d561eb61e4c0ae1c51f9574e446085840ed2a
1128,638,f0604dfddfd40416fdc3be2a35480224a9a06f12
1129,639,f0d267cba923ad531bcd12267e1ad6d7932e1373
1130,640,f1e3019420b24bf7131603337ec5f3f3e0124063
1131,641,f1e87bc607ec4a0598c786966e0c1a5c36af1914
1132,642,f1ea7bbbde0b9307c2540a7ce893acb83cbde26b
1133,643,f384df7f2a1689d23c2d5f39f807544cc7f619f4
1134,644,f384df7f2a1689d23c2d5f39f807544cc7f619f4
1135,645,f418aa87b17f276fe8afd535fa3093deaabae246
1136,646,f55c2eac027a42bd310f2750eb944750108199f1
1137,647,f55c2eac027a42bd310f2750eb944750108199f1
1138,648,f62b04f1fb5260a365fda0507115156d4bbf4149
1139,649,f62b04f1fb5260a365fda0507115156d4bbf4149
1140,650,f62b04f1fb5260a365fda0507115156d4bbf4149
1141,651,f8318f4fa1dc62b8987161afc24a0e14413f8667
1142,652,f96435b0a272c9ac904040338361a74b4e1cce09
1143,653,f96435b0a272c9ac904040338361a74b4e1cce09
1144,654,f96435b0a272c9ac904040338361a74b4e1cce09
1145,655,f96435b0a272c9ac904040338361a74b4e1cce09
1146,656,f97ae1772f86db8eeb698827a00be19ddacae8f9
1147,657,fa8bdaf6268eb55f38c3a1df17d615f82344b431
1148,658,fa982b07c69aca919e4483d4b15c1bdc1039b993
1149,659,fa982b07c69aca919e4483d4b15c1bdc1039b993
1150,660,fa982b07c69aca919e4483d4b15c1bdc1039b993
1151,661,fa982b07c69aca919e4483d4b15c1bdc1039b993
1152,662,fa982b07c69aca919e4483d4b15c1bdc1039b993
1153,663,fbccd5d78f0cc8e5ad6a6ec5e1871e4bd4cb8ebe
1154,664,fbccd5d78f0cc8e5ad6a6ec5e1871e4bd4cb8ebe
1155,665,fbea1a248dc7bae6ce94ffbdce08b0594e0d089e
1156,666,ff919168d6c57a67f57ae00131ce9a35787ad1a3
1157,667,ffcd1781fc686a8fdb781055ea382ab14157b698
1158,0,0151b441b0a68d490074d415d408caa522e47ffb
1159,1,023cebd062e002577e7a4ed38ef795060040f812
1160,2,023cebd062e002577e7a4ed38ef795060040f812
1161,3,02e79499fa381b56f8a5333e00cf0cc0bd7aa252
1162,4,037a9754fdee063d2238a9c41e6ffdb79759d33d
1163,5,037a9754fdee063d2238a9c41e6ffdb79759d33d
1164,6,037a9754fdee063d2238a9c41e6ffdb79759d33d
1165,7,037a9754fdee063d2238a9c41e6ffdb79759d33d
1166,8,037a9754fdee063d2238a9c41e6ffdb79759d33d
1167,9,08d21a2cb35a5123dedf0bbe13eeef48ee7896b5
1168,10,0a98bee214b46ed20b566a9b49c3eca2895f9fd5
1169,11,0a98bee214b46ed20b566a9b49c3eca2895f9fd5
1170,12,11768ba2025c89ec6cccc232f682c50a46865dc8
1171,13,11768ba2025c89ec6cccc232f682c50a46865dc8
1172,14,1496f27a9c6f8678f7f24dc3505693f6b3ff57fa
1173,15,1496f27a9c6f8678f7f24dc3505693f6b3ff57fa
1174,16,154ec7b6daec34c6289eaed1846d6bfba809f6ab
1175,17,154ec7b6daec34c6289eaed1846d6bfba809f6ab
1176,18,1a1df087c1a0f2e15c5e670d8192d66d12d1bae8
1177,19,1dd4bbc4874f38eee0e96eb19a342cc1217baab1
1178,20,1dd4bbc4874f38eee0e96eb19a342cc1217baab1
1179,21,1dd4bbc4874f38eee0e96eb19a342cc1217baab1
1180,22,1dd4bbc4874f38eee0e96eb19a342cc1217baab1
1181,23,1dd4bbc4874f38eee0e96eb19a342cc1217baab1
1182,24,1e3a2b80d4ffe3431bae5912ac3ec39cf12a8ab6
1183,25,20799b2e5a3eb983e017ce55cc0f5dff1cea7bd5
1184,26,20799b2e5a3eb983e017ce55cc0f5dff1cea7bd5
1185,27,20799b2e5a3eb983e017ce55cc0f5dff1cea7bd5
1186,28,276b68d4434c35ee71a23c8d7949d1c9a6bdb037
1187,29,2819989001fe0352aa65201192358cdc69fc9356
1188,30,2819989001fe0352aa65201192358cdc69fc9356
1189,31,2819989001fe0352aa65201192358cdc69fc9356
1190,32,2d59aed83950c280ad1a6a0aacefcd2fa2017d26
1191,33,2d59aed83950c280ad1a6a0aacefcd2fa2017d26
1192,34,31b4959475f8d09d2e9dd90856a1941adcc94e8c
1193,35,3dc29e0dfde9923b54239714f5d7333cd1d11495
1194,36,4645c190d094d334894acbdea0a51c67cdef7c14
1195,37,4645c190d094d334894acbdea0a51c67cdef7c14
1196,38,472567ec775b054d454617ca640adbf9c3d24383
1197,39,47f4a3c3d3396b35928578e36b27dbcc49f00752
1198,40,526dcc0ae86968a36a90502a77de9ab2a8db1f14
1199,41,526dcc0ae86968a36a90502a77de9ab2a8db1f14
1200,42,559c883d5331362808b7e1ada647cbac76a88ab3
1201,43,559c883d5331362808b7e1ada647cbac76a88ab3
1202,44,55f11d46f204a277135f19eda57251ea87c22ccc
1203,45,55f11d46f204a277135f19eda57251ea87c22ccc
1204,46,57a50f36df058937587cc08d81c235efc8dc720a
1205,47,58667be951623848406f699f82cafa79a40cb496
1206,48,58eb982708b778feba1db86aa4fd847567447195
1207,49,5b26e9618942ae10b3f47312c71c4a9c9f916c21
1208,50,5b26e9618942ae10b3f47312c71c4a9c9f916c21
1209,51,5b26e9618942ae10b3f47312c71c4a9c9f916c21
1210,52,5b67b571fe45e14fd52b835bc1de056538de1e70
1211,53,5d84794521b2f581d2ccf3b144f8c73cfb277e75
1212,54,5d84794521b2f581d2ccf3b144f8c73cfb277e75
1213,55,5d84794521b2f581d2ccf3b144f8c73cfb277e75
1214,56,5d84794521b2f581d2ccf3b144f8c73cfb277e75
1215,57,5d84794521b2f581d2ccf3b144f8c73cfb277e75
1216,58,5d84794521b2f581d2ccf3b144f8c73cfb277e75
1217,59,5d84794521b2f581d2ccf3b144f8c73cfb277e75
1218,60,5d84794521b2f581d2ccf3b144f8c73cfb277e75
1219,61,5d84794521b2f581d2ccf3b144f8c73cfb277e75
1220,62,5d84794521b2f581d2ccf3b144f8c73cfb277e75
1221,63,5d84794521b2f581d2ccf3b144f8c73cfb277e75
1222,64,5d84794521b2f581d2ccf3b144f8c73cfb277e75
1223,65,5d84794521b2f581d2ccf3b144f8c73cfb277e75
1224,66,60ff46ea69bb170746f52e300f30ba931136513c
1225,67,62d725a85e7869290805cdbe55f1f3bce1f905de
1226,68,62d725a85e7869290805cdbe55f1f3bce1f905de
1227,69,62d725a85e7869290805cdbe55f1f3bce1f905de
1228,70,62d725a85e7869290805cdbe55f1f3bce1f905de
1229,71,62d725a85e7869290805cdbe55f1f3bce1f905de
1230,72,6589ab56b351809ce50aef18f1b0246ba6383c48
1231,73,672c3c002d0fc88de846ec4bdb98898e4104825d
1232,74,6b0da1689525507d2f40823abb50de3a4a1f9607
1233,75,6b0da1689525507d2f40823abb50de3a4a1f9607
1234,76,6c0f4f01aaef6c7a728db45c6d1b3726f2da1ab9
1235,77,6e5c35a8a4eecc72fe8bc9a76fa6da9edca9e3a6
1236,78,730d0d96f17d3e5bce4f710f1a33591d9e8638dd
1237,79,765e4c2fabafbfe31fb0f43e5b670fd3b91d1a2e
1238,80,78c2adbe04d2d2c7e0224719a24b1412cf13595e
1239,81,7c1aff5c17b0154a44eb165dafd9e5d1191a823f
1240,82,7c1aff5c17b0154a44eb165dafd9e5d1191a823f
1241,83,7f9d00dba940addb854f7f7f765cb711102857e0
1242,84,7f9d00dba940addb854f7f7f765cb711102857e0
1243,85,7f9d00dba940addb854f7f7f765cb711102857e0
1244,86,832395a1a88d31e6d40db9326fd86c012473c013
1245,87,832600e7bbe31f38cf5d8d58a8f138b7b9df5195
1246,88,84b7deaa5badc07b7ea8a88fef589577c837f8ee
1247,89,84b7deaa5badc07b7ea8a88fef589577c837f8ee
1248,90,85e4d5efce66352469cb4c9947922731e834ca5d
1249,91,85e4d5efce66352469cb4c9947922731e834ca5d
1250,92,85e4d5efce66352469cb4c9947922731e834ca5d
1251,93,862f6735f2e4cf9734b395385609bec8f0b6041f
1252,94,89109b058c19f5f254a0de9dcb1f40fef875f3bf
1253,95,8cb379fd995c489f765dac81d334946993ab6bd9
1254,96,8ccb15a7641dfc97de0aa90a36a285e5e9efa023
1255,97,934cf3bfc9f697c5ed9281bafa7523408edc71cb
1256,98,97b5c70d02587fbe603052ba5e598679718385c8
1257,99,99969a5bf259c3fd0dc3ee12cc5380ed87896d18
1258,100,99c62d4943904233197f9d820ce63cacf16ec0f0
1259,101,99c62d4943904233197f9d820ce63cacf16ec0f0
1260,102,9b41ddfd599f6b0538095ee43fa8cf72d8f96d03
1261,103,9c14f8f3e0ea28b994f9b77b4f97f81bf4908a78
1262,104,a0f12142dde3fe8ad41ed8237cbbc12f5f3f2c79
1263,105,a0f12142dde3fe8ad41ed8237cbbc12f5f3f2c79
1264,106,a0f12142dde3fe8ad41ed8237cbbc12f5f3f2c79
1265,107,a0f12142dde3fe8ad41ed8237cbbc12f5f3f2c79
1266,108,a0f12142dde3fe8ad41ed8237cbbc12f5f3f2c79
1267,109,a2502c3bc3bcd4caf3800bb645058abb61d2a071
1268,110,a99e1276e282a7e3bd2ecd9c9b0a54a30f541228
1269,111,a9a7bab592f55280ac4640a7a6cf37c2cda86bc1
1270,112,ad2be678831b3b060229fd936e3908110162b7ac
1271,113,ae0de8552aa69298bd4c9be067868c8b63abf234
1272,114,ae0f814d589f718c4f989adffccea9b24bbfd3cf
1273,115,ae0f814d589f718c4f989adffccea9b24bbfd3cf
1274,116,ae0f814d589f718c4f989adffccea9b24bbfd3cf
1275,117,ae0f814d589f718c4f989adffccea9b24bbfd3cf
1276,118,ae0f814d589f718c4f989adffccea9b24bbfd3cf
1277,119,b0f6e00e859d36f6c259345a1da8a205e6475c4f
1278,120,b1c8188d8252ef613c04aeae9e9560a800f9ead3
1279,121,b47932d899917a8a2d1a5d9a671a448b147a7432
1280,122,b5ae9c3426e69eba11446d055649307daecb05c7
1281,123,b69c643936970aa993a21c42dc0c9e498316f24b
1282,124,b83759074b7b0e7b1727dd4fac1c2b5ab9c4cdad
1283,125,bc391722098c1e66f6ebe0377a3de6b51a7cf38c
1284,126,bc391722098c1e66f6ebe0377a3de6b51a7cf38c
1285,127,bd1f5c54752f67b484a83c26667331234234d3a3
1286,128,bd1f5c54752f67b484a83c26667331234234d3a3
1287,129,bd1f5c54752f67b484a83c26667331234234d3a3
1288,130,d1afefde51e34dc993591ad79d3fe217bef86f87
1289,131,d1afefde51e34dc993591ad79d3fe217bef86f87
1290,132,d3269be3ac4028d2dc92cf1d177f5f87c7d79ca2
1291,133,d3c6a1b1e8d03297cdca95f9244d7c49a590e3fa
1292,134,d46ed8fbe6bbd8116ceb60769f4b0b569bfd2d0d
1293,135,d936ad78169283fcd8e0b8923eefc4063b59f074
1294,136,dbc95a09ad59f0d9ad7a2c8290e743e46bcbbe0f
1295,137,dbc95a09ad59f0d9ad7a2c8290e743e46bcbbe0f
1296,138,e2ad4078fa24279ec676001c45d460889091468d
1297,139,e2debccaca82f68602a9cfddddc7c9db6177e49d
1298,140,e64cb1843ff158371b09525bdb963c864be62167
1299,141,e6b18863e1cc5a5af8c7d1da703d31d9e17b70bf
1300,142,e8c08927eb7227cc716a54f99d8f90d1b0c3f1f2
1301,143,f18d98fc45f89d058ebbd2578e2c9e82cfedc722
1302,144,f7fb65676dd80214760e058d366fb2d6dcb302c2
1303,145,f7fb65676dd80214760e058d366fb2d6dcb302c2
1304,146,fc580e2fe55abd246518469d0790befb1212b475
1305,147,fd21937526b4b20ac1670c623645ba131ed512ac
1306,148,fd70d9ca321184fc5b324e166faf0deedc84c11a
1307,149,fe882009aa1070b3abb216064f7b54e6a5ac56c1
1308,150,fe882009aa1070b3abb216064f7b54e6a5ac56c1
1309,151,fe882009aa1070b3abb216064f7b54e6a5ac56c1
1310,0,02fc1f509a670de3632417bbf33168989bfcf872
1311,1,02fc1f509a670de3632417bbf33168989bfcf872
1312,2,02fc1f509a670de3632417bbf33168989bfcf872
1313,3,02fc1f509a670de3632417bbf33168989bfcf872
1314,4,02fc1f509a670de3632417bbf33168989bfcf872
1315,5,02fc1f509a670de3632417bbf33168989bfcf872
1316,6,02fc1f509a670de3632417bbf33168989bfcf872
1317,7,02fc1f509a670de3632417bbf33168989bfcf872
1318,8,0a6893304bec85084f963dfd40c1a830685b61a9
1319,9,15bef4ec10639406e419ed8732a7f82b9f8b0d13
1320,10,17f7dfc72624253461022acff1d3aa6b9c4056cf
1321,11,17f7dfc72624253461022acff1d3aa6b9c4056cf
1322,12,19869a298da02326cba2951dcc7c1a84fae91b89
1323,13,2238ad20fefadf546a71725f46a6dc463c9d58ad
1324,14,39d30b21b3a632f158274c6937c13499cd0758f3
1325,15,39d30b21b3a632f158274c6937c13499cd0758f3
1326,16,3af61501750a27c8351463e7bb83ab3a9b5e4495
1327,17,3af61501750a27c8351463e7bb83ab3a9b5e4495
1328,18,3af61501750a27c8351463e7bb83ab3a9b5e4495
1329,19,3af61501750a27c8351463e7bb83ab3a9b5e4495
1330,20,3f2d6f8f974560f970bc0f021c13224122d9ab2d
1331,21,4c8d3ff5ea9d1556bf05af6262ee58f65984e22f
1332,22,4eec09ae1d6eb5cecfa82e222f0e7d085e96f0ba
1333,23,4f9eee58782d30d873b3739095c8c2e01f59fc7a
1334,24,533e366307f7a402f19ff5aced3b0019c47205f6
1335,25,56743a446c8fe01319c6588c1709bcf1a090ccde
1336,26,5887ca08ddf687e35c2974fd08b7bc63fcc1abaf
1337,27,5edfb4447b609c178d63a3d991172861076d143b
1338,28,6bc83a0d3a67e36adc2733a125bf928c49f702f9
1339,29,6bc83a0d3a67e36adc2733a125bf928c49f702f9
1340,30,6caeeb1e1579cae1cd9ede58f38186e07da7f295
1341,31,7ca2c7d2e052b99526415113b8d5dcc513e7de07
1342,32,93d773835c0c6f70bc89bbf5e4d273c289423a64
1343,33,93d773835c0c6f70bc89bbf5e4d273c289423a64
1344,34,93d773835c0c6f70bc89bbf5e4d273c289423a64
1345,35,93d773835c0c6f70bc89bbf5e4d273c289423a64
1346,36,956f86fa4c406a923d5366b5906e3431e9d0717d
1347,37,956f86fa4c406a923d5366b5906e3431e9d0717d
1348,38,956f86fa4c406a923d5366b5906e3431e9d0717d
1349,39,9577910167086e05873565b7ed4df6de4815d3bc
1350,40,9577910167086e05873565b7ed4df6de4815d3bc
1351,41,9577910167086e05873565b7ed4df6de4815d3bc
1352,42,9d8bb069f68e2194db742981972c8930381b62c2
1353,43,9ee2808155657ebfa5f6dd27791d7350da0ecfeb
1354,44,9ee2808155657ebfa5f6dd27791d7350da0ecfeb
1355,45,9ee2808155657ebfa5f6dd27791d7350da0ecfeb
1356,46,a49240ade1974b948b20cf2c45d9129f04122735
1357,47,ab7c961572adab958edf4c5cf1f5371b72117300
1358,48,ab7c961572adab958edf4c5cf1f5371b72117300
1359,49,b1cf4b5bc6ead8c3dfcbbb9ebe69be85f5e53cb8
1360,50,b5fb9c92dfb1380b8a8b0b53aea3e7f7627ee03c
1361,51,b5fb9c92dfb1380b8a8b0b53aea3e7f7627ee03c
1362,52,baf1ea01ec9c1ca2ba3091c493f0aedeab725560
1363,53,bb13feee21bc4a77513d50d6855c4396db9f0609
1364,54,bb13feee21bc4a77513d50d6855c4396db9f0609
1365,55,c396cff8a7216e718c0a203a5829b25538964dd5
1366,56,c861b8a24a0663b9f2496214d1a58048d80284a8
1367,57,d2da6a55bca4582c9a469f568df472a00e90ddf4
1368,58,d2da6a55bca4582c9a469f568df472a00e90ddf4
1369,59,d2da6a55bca4582c9a469f568df472a00e90ddf4
1370,60,d2da6a55bca4582c9a469f568df472a00e90ddf4
1371,61,d2da6a55bca4582c9a469f568df472a00e90ddf4
1372,62,d2da6a55bca4582c9a469f568df472a00e90ddf4
1373,63,d2da6a55bca4582c9a469f568df472a00e90ddf4
1374,64,d2da6a55bca4582c9a469f568df472a00e90ddf4
1375,65,d2da6a55bca4582c9a469f568df472a00e90ddf4
1376,66,d2da6a55bca4582c9a469f568df472a00e90ddf4
1377,67,d2da6a55bca4582c9a469f568df472a00e90ddf4
1378,68,d2da6a55bca4582c9a469f568df472a00e90ddf4
1379,69,d2da6a55bca4582c9a469f568df472a00e90ddf4
1380,70,d2da6a55bca4582c9a469f568df472a00e90ddf4
1381,71,d2da6a55bca4582c9a469f568df472a00e90ddf4
1382,72,d2da6a55bca4582c9a469f568df472a00e90ddf4
1383,73,d2da6a55bca4582c9a469f568df472a00e90ddf4
1384,74,d2da6a55bca4582c9a469f568df472a00e90ddf4
1385,75,d6ccf5b0fa4e0d62eac42425a593b870af1247bd
1386,76,d6ccf5b0fa4e0d62eac42425a593b870af1247bd
1387,77,d6ccf5b0fa4e0d62eac42425a593b870af1247bd
1388,78,d6ccf5b0fa4e0d62eac42425a593b870af1247bd
1389,79,dc44abf520611a8722e75ba1d32df6a28183e4e3
1390,80,dc44abf520611a8722e75ba1d32df6a28183e4e3
1391,81,dc44abf520611a8722e75ba1d32df6a28183e4e3
1392,82,dc44abf520611a8722e75ba1d32df6a28183e4e3
1393,83,dc44abf520611a8722e75ba1d32df6a28183e4e3
1394,84,e01ccf14711bfcb6b0c2fb5ec4bf541e8e78b721
1395,85,e01ccf14711bfcb6b0c2fb5ec4bf541e8e78b721
1396,86,e55796904be214741701070b723acd895b25e995
1397,87,e55796904be214741701070b723acd895b25e995
1398,88,e76c5f0fe7e1e2034765fd80cd7556b6bfc82345
1399,89,e7a0111ce26bbce9c81f471ff925653fe0ead70d
1400,90,ee037247a9a03d8ac2e584d52a544b9733f2c016
1401,91,ee037247a9a03d8ac2e584d52a544b9733f2c016
1402,92,ee037247a9a03d8ac2e584d52a544b9733f2c016
1403,93,ee037247a9a03d8ac2e584d52a544b9733f2c016
1404,94,f4682ce2558cdca60d12fbef39e9ca0370eba592
1405,95,f4682ce2558cdca60d12fbef39e9ca0370eba592
